main-crop,sub-crop,N,P,K,temperature,humidity,ph,rainfall
Bengal Gram (Gram)(Whole),Kabuli Channa(Chickpeas-White),49.62291216,76.30374163,77.01914293,18.2370025,15.28271135,7.901635079,88.52847414
Bengal Gram (Gram)(Whole),Kabuli Channa(Chickpeas-White),57.38177444,72.83359219,82.06883616,20.68576841,19.56189885,6.130597645,73.95537781
Bengal Gram (Gram)(Whole),Kabuli Channa(Chickpeas-White),32.209061,59.3584655,78.0417753,18.34581857,16.62843789,8.487530937,87.18712129
Bengal Gram (Gram)(Whole),Kabuli Channa(Chickpeas-White),29.41629556,76.34803439,82.59013157,18.81005625,18.80917741,6.040931645,74.20732554
Bengal Gram (Gram)(Whole),Kabuli Channa(Chickpeas-White),51.16790544,62.88231591,80.62083755,20.33847803,19.27562695,8.025861626,74.17787298
Bengal Gram (Gram)(Whole),Kabuli Channa(Chickpeas-White),57.9328363,58.44420613,81.79021194,19.43217616,15.43655876,7.245364644,72.4768741
Bengal Gram (Gram)(Whole),Kabuli Channa(Chickpeas-White),55.23491449,57.39143281,83.46529859,20.64880486,17.09103787,7.033649801,66.45894354
Bengal Gram (Gram)(Whole),Kabuli Channa(Chickpeas-White),34.48350318,68.62317904,80.32280328,19.53620937,17.9768614,6.047525308,70.21400263
Bengal Gram (Gram)(Whole),Kabuli Channa(Chickpeas-White),39.0345775,60.25151257,76.91206876,17.74179947,17.66382097,7.982042163,82.26788617
Bengal Gram (Gram)(Whole),Kabuli Channa(Chickpeas-White),53.64449021,61.73734717,82.32811775,18.42868788,16.32146853,6.203623126,87.98528557
Bengal Gram (Gram)(Whole),Kabuli Channa(Chickpeas-White),56.73543846,72.78256428,79.79750778,20.00144474,18.94982588,7.94801012,88.13311915
Bengal Gram (Gram)(Whole),Kabuli Channa(Chickpeas-White),42.51578344,63.91843564,81.04258003,19.65193992,19.70250076,8.507050712,71.90980359
Bengal Gram (Gram)(Whole),Kabuli Channa(Chickpeas-White),25.88190166,63.28597524,83.04512348,18.63717108,16.55534402,8.489137968,65.5500218
Bengal Gram (Gram)(Whole),Kabuli Channa(Chickpeas-White),28.79234984,76.36959851,79.35586246,18.84903111,15.88039348,7.055622311,87.89089303
Bengal Gram (Gram)(Whole),Kabuli Channa(Chickpeas-White),25.58898452,68.17764817,83.75803925,18.23325353,16.88844003,7.521134421,84.96191686
Bengal Gram (Gram)(Whole),Kabuli Channa(Chickpeas-White),47.75540488,73.98864892,79.25036455,18.68887887,15.03318901,6.153060141,88.43756474
Bengal Gram (Gram)(Whole),Kabuli Channa(Chickpeas-White),46.19660337,73.23733588,76.03694207,19.86203424,15.1772385,6.920021249,77.60570432
Bengal Gram (Gram)(Whole),Kabuli Channa(Chickpeas-White),39.47857415,59.90376411,82.60279908,20.03896119,18.28616945,6.230308262,77.75087557
Bengal Gram (Gram)(Whole),Kabuli Channa(Chickpeas-White),37.97335147,66.0000324,79.36339921,19.43474952,16.87893463,6.331579181,72.4184793
Bengal Gram (Gram)(Whole),Kabuli Channa(Chickpeas-White),22.86187628,60.99351808,76.47245296,20.47482553,16.74963027,7.79739725,93.84733023
Bengal Gram (Gram)(Whole),Kabuli Channa(Chickpeas-White),54.303704,63.41169678,77.36226526,18.30623886,15.14027945,6.447302536,66.10024836
Bengal Gram (Gram)(Whole),Kabuli Channa(Chickpeas-White),54.69763964,68.92009476,81.22602592,19.03895938,14.73407006,6.703319993,78.83392413
Bengal Gram (Gram)(Whole),Kabuli Channa(Chickpeas-White),28.23389504,71.21257037,78.25125503,20.34362176,16.1276355,7.757653133,72.5462885
Bengal Gram (Gram)(Whole),Kabuli Channa(Chickpeas-White),44.445384,65.45660337,78.98453256,17.79457684,15.37011002,8.265372305,73.19065572
Bengal Gram (Gram)(Whole),Kabuli Channa(Chickpeas-White),52.9122939,64.12474667,81.41630515,20.7770776,19.69451045,6.237253842,79.21923279
Bengal Gram (Gram)(Whole),Kabuli Channa(Chickpeas-White),24.71164827,59.85249757,80.33193085,20.23819005,19.24464142,7.56631089,75.43961728
Bengal Gram (Gram)(Whole),Kabuli Channa(Chickpeas-White),38.05351219,61.08627863,80.95626226,17.7340075,18.49013751,7.102503465,87.15840294
Bengal Gram (Gram)(Whole),Kabuli Channa(Chickpeas-White),24.64925584,72.32430591,82.20805781,20.6258425,14.60080087,7.660538108,84.41926509
Bengal Gram (Gram)(Whole),Kabuli Channa(Chickpeas-White),33.43332548,59.21131494,77.38920731,18.9562565,19.36084964,7.654988943,71.69265814
Bengal Gram (Gram)(Whole),Kabuli Channa(Chickpeas-White),45.41807688,76.97745579,79.42630885,20.76938554,19.25243337,7.055138699,78.31699395
Bengal Gram (Gram)(Whole),Kabuli Channa(Chickpeas-White),38.04204651,67.03028371,76.90164524,18.08757975,18.3807768,8.309276741,66.55237757
Bengal Gram (Gram)(Whole),Kabuli Channa(Chickpeas-White),42.04158253,70.74884107,83.02963811,18.00321598,17.81177199,8.191795884,83.77571912
Bengal Gram (Gram)(Whole),Kabuli Channa(Chickpeas-White),40.20635038,66.73342278,81.65573869,19.87769924,16.03560987,8.586886902,72.716805
Bengal Gram (Gram)(Whole),Kabuli Channa(Chickpeas-White),54.37173072,62.22185066,78.8558583,19.61665782,15.18278446,8.496988467,67.59505964
Bengal Gram (Gram)(Whole),Kabuli Channa(Chickpeas-White),45.19595267,59.12204627,76.36727279,19.34005628,16.0183999,8.242778622,78.73576099
Bengal Gram (Gram)(Whole),Kabuli Channa(Chickpeas-White),43.75711935,75.56573319,81.36135796,19.55920414,17.27272816,8.355263525,65.29064288
Bengal Gram (Gram)(Whole),Kabuli Channa(Chickpeas-White),37.68731891,57.9192139,77.70732125,19.2053329,18.89334098,7.213362261,77.39476999
Bengal Gram (Gram)(Whole),Kabuli Channa(Chickpeas-White),22.46694833,65.41184563,83.90412102,18.68603942,18.91863674,6.25350662,74.23062771
Bengal Gram (Gram)(Whole),Kabuli Channa(Chickpeas-White),45.76492935,62.82806755,79.14083663,19.20485828,17.97751811,8.463087314,84.46492004
Bengal Gram (Gram)(Whole),Kabuli Channa(Chickpeas-White),41.79617731,58.87728174,82.91282381,19.59897954,18.67594039,6.730054114,81.26529138
Bengal Gram (Gram)(Whole),Kabuli Channa(Chickpeas-White),43.99132866,68.00667315,81.13401018,18.47475379,19.07105309,8.692691828,77.38752842
Bengal Gram (Gram)(Whole),Kabuli Channa(Chickpeas-White),28.7079106,66.02338902,78.45006483,17.97632544,16.24830076,8.268148644,76.52844484
Bengal Gram (Gram)(Whole),Kabuli Channa(Chickpeas-White),24.01149611,71.6737053,82.34253468,18.79599387,18.64172146,6.808947389,87.92766507
Bengal Gram (Gram)(Whole),Kabuli Channa(Chickpeas-White),48.0509776,75.75795898,79.11964862,19.79317025,19.60441397,6.536877886,92.63686495
Bengal Gram (Gram)(Whole),Kabuli Channa(Chickpeas-White),22.50396613,77.94950309,82.41616555,20.73615567,14.88943153,8.304691069,78.27601422
Bengal Gram (Gram)(Whole),Kabuli Channa(Chickpeas-White),52.4731297,71.22381159,82.35969239,17.68642409,15.84803536,7.034044564,72.64350436
Bengal Gram (Gram)(Whole),Kabuli Channa(Chickpeas-White),56.05258887,57.68780001,79.1548033,18.55189624,17.00835174,8.349357052,76.32990352
Bengal Gram (Gram)(Whole),Kabuli Channa(Chickpeas-White),26.88657948,77.08732965,79.19355825,18.31651688,14.84824912,8.317248712,82.26396001
Bengal Gram (Gram)(Whole),Kabuli Channa(Chickpeas-White),54.09637238,70.34572256,83.21508641,20.47738406,16.92143576,7.098450497,93.67342755
Bengal Gram (Gram)(Whole),Kabuli Channa(Chickpeas-White),34.95114206,70.38308587,78.13602335,19.0165444,18.56859911,6.95849298,80.78326094
Bengal Gram (Gram)(Whole),Kabuli Channa(Chickpeas-White),46.36478371,71.90560431,82.25327505,20.24403711,17.37091379,7.663330563,87.45260903
Bengal Gram (Gram)(Whole),Kabuli Channa(Chickpeas-White),52.10759768,72.05365172,77.25425527,17.57663473,17.90147484,6.430944143,85.44508996
Bengal Gram (Gram)(Whole),Kabuli Channa(Chickpeas-White),37.4130994,75.18581178,82.12573792,18.95108848,16.35076021,8.150263028,69.91702397
Bengal Gram (Gram)(Whole),Kabuli Channa(Chickpeas-White),56.6297681,65.54807161,81.43673357,18.60911599,17.94105306,8.649828177,87.3861332
Bengal Gram (Gram)(Whole),Kabuli Channa(Chickpeas-White),47.80635823,66.71157171,82.39369656,17.86333156,14.85768339,7.055184441,80.11922212
Bengal Gram (Gram)(Whole),Kabuli Channa(Chickpeas-White),41.59966556,74.10526002,83.82155615,18.38268548,17.56920186,8.149341221,86.02804737
Bengal Gram (Gram)(Whole),Kabuli Channa(Chickpeas-White),36.12944665,70.4690538,83.36938492,18.20233904,17.26368457,7.934167155,92.37318918
Bengal Gram (Gram)(Whole),Kabuli Channa(Chickpeas-White),49.27556409,64.67600613,81.61166617,19.71500516,15.13315549,6.938290014,90.69719991
Bengal Gram (Gram)(Whole),Kabuli Channa(Chickpeas-White),50.62402064,64.48372669,79.58440462,20.71537412,16.79691574,7.036143885,84.10288182
Bengal Gram (Gram)(Whole),Kabuli Channa(Chickpeas-White),30.76256395,58.11578856,83.55906037,17.68603693,15.42047144,6.729790452,82.18976461
Bengal Gram (Gram)(Whole),Kabuli Channa(Chickpeas-White),32.49537654,64.03766784,76.01554944,18.13569994,18.14961073,7.574269637,79.79194438
Bengal Gram (Gram)(Whole),Kabuli Channa(Chickpeas-White),38.22930891,77.95609066,80.05922481,18.79004387,19.768205,7.822554367,70.85764583
Bengal Gram (Gram)(Whole),Kabuli Channa(Chickpeas-White),47.54915147,72.66441337,80.33245083,20.53369756,16.44615659,7.522991906,93.04571432
Bengal Gram (Gram)(Whole),Kabuli Channa(Chickpeas-White),46.23688616,57.7110096,78.89679055,18.40037206,18.89923688,7.547312719,90.64373525
Bengal Gram (Gram)(Whole),Kabuli Channa(Chickpeas-White),25.9721386,71.10782048,78.07944948,18.31417423,17.48240919,7.761585976,86.54860865
Bengal Gram (Gram)(Whole),Kabuli Channa(Chickpeas-White),39.69751924,60.14566247,78.66491889,18.90796033,16.31473272,8.008616729,70.87077095
Bengal Gram (Gram)(Whole),Kabuli Channa(Chickpeas-White),44.35229185,76.74523613,79.64568774,20.61190549,19.44119828,7.551549185,74.03112263
Bengal Gram (Gram)(Whole),Kabuli Channa(Chickpeas-White),52.0833455,66.37607971,77.02461267,19.42670344,19.55839543,6.387250848,78.40534044
Bengal Gram (Gram)(Whole),Kabuli Channa(Chickpeas-White),25.9569334,57.08476728,80.1967284,19.82526692,16.94770438,7.053726714,83.37876808
Bengal Gram (Gram)(Whole),Kabuli Channa(Chickpeas-White),25.36669811,69.70408207,77.46015454,18.72786585,15.91460804,6.48085526,83.5898779
Bengal Gram (Gram)(Whole),Kabuli Channa(Chickpeas-White),35.12669197,71.87151835,80.89639508,17.63489683,19.58858101,6.716026496,76.83824588
Bengal Gram (Gram)(Whole),Kabuli Channa(Chickpeas-White),31.86327926,57.21573476,80.72507817,17.90413429,19.14556345,6.251400837,75.04943514
Bengal Gram (Gram)(Whole),Kabuli Channa(Chickpeas-White),25.70824142,72.34892211,81.07750153,20.49401942,17.40692237,8.450751324,70.49139841
Bengal Gram (Gram)(Whole),Kabuli Channa(Chickpeas-White),50.427398,68.75510432,79.43597452,20.60046859,18.59172651,6.003391844,65.75437803
Bengal Gram (Gram)(Whole),Kabuli Channa(Chickpeas-White),34.16203083,66.58819401,76.56300687,19.48536244,17.66770541,7.99072684,73.81973153
Bengal Gram (Gram)(Whole),Kabuli Channa(Chickpeas-White),27.72015978,61.73948925,82.73595159,19.08632276,19.09330382,7.762021924,74.96972178
Bengal Gram (Gram)(Whole),Kabuli Channa(Chickpeas-White),44.93732344,77.52741152,81.83711287,19.06033445,15.73909528,6.195355187,65.75529847
Bengal Gram (Gram)(Whole),Kabuli Channa(Chickpeas-White),55.57315522,74.28147922,82.67326737,17.9899885,17.28910913,6.38582787,72.2989975
Bengal Gram (Gram)(Whole),Kabuli Channa(Chickpeas-White),44.48983868,58.05533375,81.84132036,19.02019801,19.44217815,8.432368295,72.26713256
Bengal Gram (Gram)(Whole),Kabuli Channa(Chickpeas-White),45.91174404,58.88617029,81.78090124,18.1664767,15.34135002,6.814932271,84.13263146
Bengal Gram (Gram)(Whole),Kabuli Channa(Chickpeas-White),49.91733414,69.83884243,80.80087229,20.78537109,18.19662677,8.544264161,68.52009825
Bengal Gram (Gram)(Whole),Kabuli Channa(Chickpeas-White),42.4495225,65.20380501,83.87051921,19.43760204,18.24079662,7.569311189,94.48164741
Bengal Gram (Gram)(Whole),Kabuli Channa(Chickpeas-White),28.99584122,64.36610756,77.02446819,20.39207282,16.10103874,6.140532489,74.86947171
Bengal Gram (Gram)(Whole),Kabuli Channa(Chickpeas-White),46.18314993,63.29382353,76.83218824,17.6261337,19.06822321,8.417057172,66.28707563
Bengal Gram (Gram)(Whole),Kabuli Channa(Chickpeas-White),35.85777484,60.02713325,83.62093265,19.93893913,16.094831,7.554426306,84.70509639
Bengal Gram (Gram)(Whole),Kabuli Channa(Chickpeas-White),52.38732339,60.73671134,77.16433066,17.92162976,17.42316912,8.215319522,88.622659
Bengal Gram (Gram)(Whole),Kabuli Channa(Chickpeas-White),22.03472858,73.68855725,83.62683695,20.76605047,17.870767,7.111260404,73.88579897
Bengal Gram (Gram)(Whole),Kabuli Channa(Chickpeas-White),35.63998397,63.0132272,82.14781235,18.95561027,18.86278465,8.052070309,66.62077722
Bengal Gram (Gram)(Whole),Kabuli Channa(Chickpeas-White),54.85512768,74.31563619,80.3911373,18.00973513,19.51219583,8.586994024,78.83746669
Bengal Gram (Gram)(Whole),Kabuli Channa(Chickpeas-White),39.51006503,61.85998501,76.87144983,20.74478787,16.0999023,6.860426202,77.99496258
Bengal Gram (Gram)(Whole),Kabuli Channa(Chickpeas-White),51.20805833,69.14015647,83.45419758,18.88894749,16.25016866,7.622246026,73.33501575
Bengal Gram (Gram)(Whole),Kabuli Channa(Chickpeas-White),24.55841051,62.72544848,80.57568705,17.71243635,18.42128129,7.353963805,73.88173003
Bengal Gram (Gram)(Whole),Kabuli Channa(Chickpeas-White),31.22514921,75.4918473,82.33321414,19.85654971,17.49831548,6.705669249,78.71656893
Bengal Gram (Gram)(Whole),Kabuli Channa(Chickpeas-White),25.57234747,66.41617302,83.72335517,19.78115404,17.71558835,6.594786748,91.64171837
Bengal Gram (Gram)(Whole),Kabuli Channa(Chickpeas-White),49.25694396,63.04231876,82.77494271,19.69122895,15.63150342,8.019669283,91.92786604
Bengal Gram (Gram)(Whole),Kabuli Channa(Chickpeas-White),48.80303878,64.87580892,77.72175805,18.92369941,14.71603054,6.223374638,80.57695989
Bengal Gram (Gram)(Whole),Kabuli Channa(Chickpeas-White),25.13846285,74.31552107,76.66169486,19.2411225,15.33977797,7.078992924,94.27055561
Bengal Gram (Gram)(Whole),Kabuli Channa(Chickpeas-White),35.44829009,72.20007516,76.65031116,20.54462261,15.03172235,7.140894015,75.49877319
Bengal Gram (Gram)(Whole),Kabuli Channa(Chickpeas-White),52.51878586,72.93964973,82.87765543,19.74094379,19.54755737,8.664289969,71.81798927
Bengal Gram (Gram)(Whole),Kabuli Channa(Chickpeas-White),30.03843468,65.00093085,78.05700565,18.66259464,15.64946621,7.21755935,76.15652316
Bengal Gram (Gram)(Whole),Desi Bengal Gram (Gram)(Whole),38.48831624,66.10228439,78.11006386,18.52136015,19.72390496,6.356899254,68.14596394
Bengal Gram (Gram)(Whole),Desi Bengal Gram (Gram)(Whole),23.30311288,68.52499568,76.1324165,17.39672222,19.12161267,7.187572011,66.64282494
Bengal Gram (Gram)(Whole),Desi Bengal Gram (Gram)(Whole),54.29657671,62.39905768,81.62154908,18.83887203,15.6390286,7.613190477,70.39860032
Bengal Gram (Gram)(Whole),Desi Bengal Gram (Gram)(Whole),48.88756857,67.87255545,75.39243562,17.76107878,17.89832983,6.48352981,93.17921753
Bengal Gram (Gram)(Whole),Desi Bengal Gram (Gram)(Whole),57.43592241,64.81612124,83.91512938,17.84715299,15.84875175,7.558230377,90.26197574
Bengal Gram (Gram)(Whole),Desi Bengal Gram (Gram)(Whole),29.85416671,56.7160846,78.12019564,19.63365775,16.96029587,7.431948548,78.03932806
Bengal Gram (Gram)(Whole),Desi Bengal Gram (Gram)(Whole),35.58865591,77.3750184,80.42338805,17.78692434,15.61479705,6.69615683,70.91364855
Bengal Gram (Gram)(Whole),Desi Bengal Gram (Gram)(Whole),40.93996344,73.20502491,78.61777526,20.81358803,19.46927317,7.590562799,74.73824057
Bengal Gram (Gram)(Whole),Desi Bengal Gram (Gram)(Whole),51.99708488,74.91027859,79.30191188,17.52671888,16.79494284,7.134696696,91.10566745
Bengal Gram (Gram)(Whole),Desi Bengal Gram (Gram)(Whole),34.13182904,64.7416917,83.571684,19.90431216,17.76509532,8.540215822,88.94889764
Bengal Gram (Gram)(Whole),Desi Bengal Gram (Gram)(Whole),58.88644273,76.98948705,76.39955815,17.20122118,18.34228793,8.321048532,91.17351233
Bengal Gram (Gram)(Whole),Desi Bengal Gram (Gram)(Whole),26.11108294,61.44254193,75.6587636,19.87856747,17.16385365,8.588782775,74.77119705
Bengal Gram (Gram)(Whole),Desi Bengal Gram (Gram)(Whole),28.28875089,60.87016442,82.50411066,20.07418415,14.40221247,7.784198025,85.96701077
Bengal Gram (Gram)(Whole),Desi Bengal Gram (Gram)(Whole),37.05713705,74.87989384,78.84771718,17.44407949,18.88645883,7.099893109,77.68629844
Bengal Gram (Gram)(Whole),Desi Bengal Gram (Gram)(Whole),30.27791446,58.67421104,75.28329127,18.01733797,18.8491609,6.150840537,92.48582637
Bengal Gram (Gram)(Whole),Desi Bengal Gram (Gram)(Whole),28.76652288,73.3282584,82.69319837,20.65251008,17.62454491,7.853714163,91.95217911
Bengal Gram (Gram)(Whole),Desi Bengal Gram (Gram)(Whole),32.8423661,72.01878239,82.41563714,17.79614907,18.59807762,6.946161882,89.04926933
Bengal Gram (Gram)(Whole),Desi Bengal Gram (Gram)(Whole),40.32051671,67.57023662,76.44038343,18.30584809,18.11854675,7.439549615,84.22611228
Bengal Gram (Gram)(Whole),Desi Bengal Gram (Gram)(Whole),29.24218187,75.31248196,75.38137166,17.65426959,19.2214314,8.272103922,78.92426876
Bengal Gram (Gram)(Whole),Desi Bengal Gram (Gram)(Whole),35.98332359,71.12629537,75.25484775,20.60887669,19.77462054,7.474674374,89.92695406
Bengal Gram (Gram)(Whole),Desi Bengal Gram (Gram)(Whole),44.7878831,66.91466183,81.12465454,17.80582704,19.06140153,7.16815877,91.16911489
Bengal Gram (Gram)(Whole),Desi Bengal Gram (Gram)(Whole),58.17636291,58.98838545,76.28235557,17.21332006,15.832178,6.495633369,68.3181875
Bengal Gram (Gram)(Whole),Desi Bengal Gram (Gram)(Whole),37.45752084,56.24696782,82.75831545,19.58567265,18.51636452,7.116147461,88.73184402
Bengal Gram (Gram)(Whole),Desi Bengal Gram (Gram)(Whole),46.20102493,77.40639842,82.12618198,20.49803859,15.63050845,8.130634072,76.80781658
Bengal Gram (Gram)(Whole),Desi Bengal Gram (Gram)(Whole),48.30566947,56.44713376,82.77724385,18.62087592,19.01676091,6.390956139,85.78405728
Bengal Gram (Gram)(Whole),Desi Bengal Gram (Gram)(Whole),48.78981296,74.39460235,80.26343108,17.21963299,17.57131586,8.169372182,84.96998858
Bengal Gram (Gram)(Whole),Desi Bengal Gram (Gram)(Whole),23.79674701,63.65824396,84.61732755,20.54032467,18.89223802,8.127426965,74.22261931
Bengal Gram (Gram)(Whole),Desi Bengal Gram (Gram)(Whole),58.62690842,58.97945177,79.29927686,20.08402413,19.43774575,6.163209458,89.46183856
Bengal Gram (Gram)(Whole),Desi Bengal Gram (Gram)(Whole),24.86049239,67.64071665,82.55348628,17.76956354,16.58122884,7.007057325,93.71444558
Bengal Gram (Gram)(Whole),Desi Bengal Gram (Gram)(Whole),32.60713177,68.31951288,81.90011822,19.29260568,14.84051092,7.90726567,66.55494311
Bengal Gram (Gram)(Whole),Desi Bengal Gram (Gram)(Whole),56.88515825,74.47550405,82.74433062,19.29021761,14.838967,8.080906248,65.798769
Bengal Gram (Gram)(Whole),Desi Bengal Gram (Gram)(Whole),25.88197843,76.71555508,81.97027908,19.5688473,17.5385363,6.419364969,86.26162755
Bengal Gram (Gram)(Whole),Desi Bengal Gram (Gram)(Whole),49.01111662,63.90552988,79.34726396,17.9059908,17.41508775,7.030651645,87.14997709
Bengal Gram (Gram)(Whole),Desi Bengal Gram (Gram)(Whole),28.1646495,74.85988347,80.56021924,17.85068589,19.41981153,6.913524626,83.57610588
Bengal Gram (Gram)(Whole),Desi Bengal Gram (Gram)(Whole),31.11375278,63.22596943,77.38269787,20.77168996,14.94352417,6.39496249,86.04845225
Bengal Gram (Gram)(Whole),Desi Bengal Gram (Gram)(Whole),57.78847058,70.80665669,84.95715105,17.36025503,18.67235331,7.495825931,86.05222854
Bengal Gram (Gram)(Whole),Desi Bengal Gram (Gram)(Whole),22.32177351,78.46069574,78.18828503,17.83511886,16.57652937,8.531562121,66.91172965
Bengal Gram (Gram)(Whole),Desi Bengal Gram (Gram)(Whole),24.41409878,72.62642139,78.63864121,17.35957946,18.95056972,6.489686402,66.23244762
Bengal Gram (Gram)(Whole),Desi Bengal Gram (Gram)(Whole),50.17331538,69.73764094,76.17602785,18.09016461,19.49575986,6.167258439,93.18403002
Bengal Gram (Gram)(Whole),Desi Bengal Gram (Gram)(Whole),49.48244988,62.01247273,75.84564292,18.11744909,16.50895639,6.455346873,72.60599171
Bengal Gram (Gram)(Whole),Desi Bengal Gram (Gram)(Whole),32.10630671,67.48608097,82.33056275,20.7674923,16.84935155,8.129053579,66.4491359
Bengal Gram (Gram)(Whole),Desi Bengal Gram (Gram)(Whole),42.05427369,69.63155895,76.95695585,19.95063391,19.8288592,8.322155202,79.63627009
Bengal Gram (Gram)(Whole),Desi Bengal Gram (Gram)(Whole),35.11332819,68.27679437,82.58893032,18.76187136,17.61542932,7.540534209,82.82791795
Bengal Gram (Gram)(Whole),Desi Bengal Gram (Gram)(Whole),42.96827716,67.35310006,81.76594978,18.03748627,17.16522089,6.266156365,72.84961153
Bengal Gram (Gram)(Whole),Desi Bengal Gram (Gram)(Whole),34.93797348,67.74963409,76.98151017,19.5126097,15.28800334,6.28924569,68.69508495
Bengal Gram (Gram)(Whole),Desi Bengal Gram (Gram)(Whole),57.67605091,60.78042183,76.44748847,19.2107932,14.92330883,6.373341017,67.65210709
Bengal Gram (Gram)(Whole),Desi Bengal Gram (Gram)(Whole),46.97335435,75.89484682,81.16211088,20.69021567,18.04250789,8.232390553,71.1126924
Bengal Gram (Gram)(Whole),Desi Bengal Gram (Gram)(Whole),39.0419883,65.27107462,82.94986521,20.87367431,16.51683402,7.966137239,77.28164329
Bengal Gram (Gram)(Whole),Desi Bengal Gram (Gram)(Whole),21.80772662,67.61910794,84.83884854,18.46234177,17.3437353,6.866414382,91.35224099
Bengal Gram (Gram)(Whole),Desi Bengal Gram (Gram)(Whole),35.42927498,60.04516336,83.42808404,18.18070687,15.6204795,8.567755311,88.84451022
Bengal Gram (Gram)(Whole),Desi Bengal Gram (Gram)(Whole),42.30273732,63.25075638,84.2965156,18.10182877,17.61469007,6.510912258,70.78449049
Bengal Gram (Gram)(Whole),Desi Bengal Gram (Gram)(Whole),29.63672085,64.55588954,82.48506978,18.05055479,15.89503152,7.425483291,86.31974923
Bengal Gram (Gram)(Whole),Desi Bengal Gram (Gram)(Whole),29.80057253,67.29851745,84.68886347,18.05174766,14.83764606,6.484530165,92.75397374
Bengal Gram (Gram)(Whole),Desi Bengal Gram (Gram)(Whole),31.30645263,65.18248759,75.46365836,19.5419174,19.61009348,7.50842638,88.89719613
Bengal Gram (Gram)(Whole),Desi Bengal Gram (Gram)(Whole),56.57742492,57.74954553,81.1247886,20.83964895,19.46324603,6.872865188,83.66408091
Bengal Gram (Gram)(Whole),Desi Bengal Gram (Gram)(Whole),36.089045,66.342375,79.40124727,17.67076384,16.45012932,8.594821038,65.66570636
Bengal Gram (Gram)(Whole),Desi Bengal Gram (Gram)(Whole),26.97831515,59.94740018,81.63235623,17.76331957,16.53337698,7.741344977,69.88293105
Bengal Gram (Gram)(Whole),Desi Bengal Gram (Gram)(Whole),55.81987809,61.22088079,84.46825558,19.79058919,15.85127307,7.616745742,70.91908691
Bengal Gram (Gram)(Whole),Desi Bengal Gram (Gram)(Whole),45.99929597,65.27669356,76.41619993,19.09676568,16.81458742,7.929233965,85.73720164
Bengal Gram (Gram)(Whole),Desi Bengal Gram (Gram)(Whole),27.35694209,64.18554809,82.62317195,18.49206002,19.38545402,6.90125259,69.83929963
Bengal Gram (Gram)(Whole),Desi Bengal Gram (Gram)(Whole),29.91704052,76.68173046,84.64913204,19.81254536,18.42556809,8.038440312,67.6485702
Bengal Gram (Gram)(Whole),Desi Bengal Gram (Gram)(Whole),28.26193671,64.55210442,82.55536284,19.85382288,14.39530082,7.92487522,83.35068975
Bengal Gram (Gram)(Whole),Desi Bengal Gram (Gram)(Whole),25.28605333,69.42342699,84.06711892,17.74423142,19.81635689,6.531762622,80.49376556
Bengal Gram (Gram)(Whole),Desi Bengal Gram (Gram)(Whole),35.64336817,62.64847372,81.90211792,18.40409699,16.24329434,7.59556537,93.25188477
Bengal Gram (Gram)(Whole),Desi Bengal Gram (Gram)(Whole),53.0460032,73.05628713,75.90190887,20.1872451,17.33538338,8.582548058,78.04934953
Bengal Gram (Gram)(Whole),Desi Bengal Gram (Gram)(Whole),57.11136101,68.22994034,84.00288644,18.91558331,19.66837288,8.345463169,88.36299771
Bengal Gram (Gram)(Whole),Desi Bengal Gram (Gram)(Whole),49.4372147,68.97231944,84.09955318,17.26295438,16.56329668,7.120743871,73.32466004
Bengal Gram (Gram)(Whole),Desi Bengal Gram (Gram)(Whole),55.10948972,56.41413477,84.66158097,18.33970864,19.75631532,6.683471695,67.1918208
Bengal Gram (Gram)(Whole),Desi Bengal Gram (Gram)(Whole),23.17957937,78.54922211,84.44928194,20.38055485,19.06044674,6.466621147,69.57495862
Bengal Gram (Gram)(Whole),Desi Bengal Gram (Gram)(Whole),50.35897412,72.36648918,79.94431615,18.66589503,19.69846598,6.554432274,79.6094107
Bengal Gram (Gram)(Whole),Desi Bengal Gram (Gram)(Whole),32.5661179,69.54086596,82.39128655,18.72576407,18.02882484,7.193590846,72.15635455
Bengal Gram (Gram)(Whole),Desi Bengal Gram (Gram)(Whole),37.00852691,60.17450736,76.89557814,20.58232312,18.84719307,6.831678808,81.1948968
Bengal Gram (Gram)(Whole),Desi Bengal Gram (Gram)(Whole),42.53782944,57.70631831,78.12006916,19.81694124,15.13761728,6.683522769,66.9206612
Bengal Gram (Gram)(Whole),Desi Bengal Gram (Gram)(Whole),49.05140925,58.8970399,81.36330372,18.17044339,19.03901776,7.306373651,93.8329741
Bengal Gram (Gram)(Whole),Desi Bengal Gram (Gram)(Whole),48.48634372,65.86653416,84.46186593,18.61481897,14.46200027,7.952579977,89.41532506
Bengal Gram (Gram)(Whole),Desi Bengal Gram (Gram)(Whole),35.03390177,77.54377214,79.28104004,20.46370879,16.90889488,6.723660204,90.05853352
Bengal Gram (Gram)(Whole),Desi Bengal Gram (Gram)(Whole),56.15590641,58.72589169,75.96407069,18.28934564,15.50741414,6.874366894,89.13319502
Bengal Gram (Gram)(Whole),Desi Bengal Gram (Gram)(Whole),23.75642273,57.21545042,83.90001782,19.16158485,15.85210963,7.696597147,72.56958236
Bengal Gram (Gram)(Whole),Desi Bengal Gram (Gram)(Whole),27.24958839,68.93599442,80.61637132,18.73841815,18.07819622,6.410463491,72.98406253
Bengal Gram (Gram)(Whole),Desi Bengal Gram (Gram)(Whole),53.35549108,78.90640758,83.19970918,19.35293267,15.12661562,6.710968125,91.48758828
Bengal Gram (Gram)(Whole),Desi Bengal Gram (Gram)(Whole),29.12717607,71.76079527,78.56577344,19.18941636,17.02269834,8.074733983,73.41968105
Bengal Gram (Gram)(Whole),Desi Bengal Gram (Gram)(Whole),33.58088645,68.33917582,78.53429714,17.2814223,17.87135832,7.773894511,92.77741692
Bengal Gram (Gram)(Whole),Desi Bengal Gram (Gram)(Whole),46.3537003,66.7510286,82.94717714,18.83891016,14.44269876,6.104776554,91.11139866
Bengal Gram (Gram)(Whole),Desi Bengal Gram (Gram)(Whole),47.70758724,64.39081487,77.80330738,20.60855503,14.76664526,8.151296294,78.62960172
Bengal Gram (Gram)(Whole),Desi Bengal Gram (Gram)(Whole),26.63833585,60.33134362,77.95914338,20.74230437,17.64546383,6.214696271,86.1553679
Bengal Gram (Gram)(Whole),Desi Bengal Gram (Gram)(Whole),36.29071062,67.26195046,76.22522817,18.32845098,19.76003081,7.627048923,79.49490326
Bengal Gram (Gram)(Whole),Desi Bengal Gram (Gram)(Whole),53.77504507,69.26612754,77.64881401,18.88810674,15.35913116,7.532687284,75.23878841
Bengal Gram (Gram)(Whole),Desi Bengal Gram (Gram)(Whole),41.30135917,58.92701738,84.68561967,17.53178307,17.96080242,6.479540283,84.75670687
Bengal Gram (Gram)(Whole),Desi Bengal Gram (Gram)(Whole),27.74493324,73.32331973,77.11394618,20.54314985,16.52519607,7.751469743,69.05091694
Bengal Gram (Gram)(Whole),Desi Bengal Gram (Gram)(Whole),35.10693279,59.57001308,80.59236182,20.27608934,14.48734676,7.135912239,74.91109772
Bengal Gram (Gram)(Whole),Desi Bengal Gram (Gram)(Whole),46.28997425,66.51251809,84.95861162,20.19527751,17.05821201,7.137660821,93.24213749
Bengal Gram (Gram)(Whole),Desi Bengal Gram (Gram)(Whole),51.2604569,65.76170142,77.2126249,18.68862123,15.29740884,6.709458431,84.39638502
Bengal Gram (Gram)(Whole),Desi Bengal Gram (Gram)(Whole),38.33058565,67.13739841,83.99428617,19.71483733,15.49863973,6.987724693,78.16603363
Bengal Gram (Gram)(Whole),Desi Bengal Gram (Gram)(Whole),40.22735492,67.73293035,78.09447087,19.42300541,15.79297397,6.307854224,89.295464
Bengal Gram (Gram)(Whole),Desi Bengal Gram (Gram)(Whole),40.83086147,60.02446113,82.11668143,20.72158028,15.35257254,6.278794957,69.61470123
Bengal Gram (Gram)(Whole),Desi Bengal Gram (Gram)(Whole),47.73283187,71.04183417,79.10460441,18.01931675,18.67887394,8.567768382,78.47240213
Bengal Gram (Gram)(Whole),Desi Bengal Gram (Gram)(Whole),41.42397359,71.5664175,77.60995145,17.99736077,15.23152652,6.531877141,83.32453883
Bengal Gram (Gram)(Whole),Desi Bengal Gram (Gram)(Whole),33.94207241,70.24136297,84.8737572,20.31641689,19.75006671,8.351189632,73.29535079
Bengal Gram (Gram)(Whole),Desi Bengal Gram (Gram)(Whole),34.98301663,70.72990961,77.05910146,18.93568062,15.64387495,8.482686394,68.23396538
Bengal Gram (Gram)(Whole),Desi Bengal Gram (Gram)(Whole),45.44672853,66.12041298,79.50724006,19.56891213,16.6593891,8.324865274,88.40954779
Bengal Gram (Gram)(Whole),Green Bengal Gram (Gram)(Whole),53.60981029,66.69900859,80.60455907,18.87247408,18.48237311,6.316757548,87.93993541
Bengal Gram (Gram)(Whole),Green Bengal Gram (Gram)(Whole),38.38703415,72.74756152,82.90429244,18.45970405,19.00545222,6.085453773,85.49453333
Bengal Gram (Gram)(Whole),Green Bengal Gram (Gram)(Whole),30.15418413,64.06807971,79.35019162,20.5483414,17.87829208,7.273857383,82.25951864
Bengal Gram (Gram)(Whole),Green Bengal Gram (Gram)(Whole),42.4650903,57.36611875,81.1362291,17.27425967,14.94205186,7.459250061,73.32781831
Bengal Gram (Gram)(Whole),Green Bengal Gram (Gram)(Whole),29.60660458,64.34721807,78.03022971,17.80549165,16.7969603,8.322057943,79.95483353
Bengal Gram (Gram)(Whole),Green Bengal Gram (Gram)(Whole),23.19294247,72.81356416,81.04711923,19.14484185,16.09402966,7.738621727,70.64882437
Bengal Gram (Gram)(Whole),Green Bengal Gram (Gram)(Whole),36.8496418,69.29231779,81.41506832,18.6690917,15.34324075,6.608464012,70.67296393
Bengal Gram (Gram)(Whole),Green Bengal Gram (Gram)(Whole),50.85947584,76.2394737,80.71510538,20.43520583,14.64278613,8.38987331,68.57795901
Bengal Gram (Gram)(Whole),Green Bengal Gram (Gram)(Whole),31.27319789,77.43980598,82.66839457,18.06975752,15.95482537,7.773633178,84.57233748
Bengal Gram (Gram)(Whole),Green Bengal Gram (Gram)(Whole),39.7569665,66.62157453,82.29503356,17.1435674,15.17344693,6.330048219,85.48424312
Bengal Gram (Gram)(Whole),Green Bengal Gram (Gram)(Whole),30.85006536,68.72681971,78.47292625,17.77806064,19.62133525,6.244101252,79.42329718
Bengal Gram (Gram)(Whole),Green Bengal Gram (Gram)(Whole),55.86597083,64.28946202,79.55120603,17.90725648,19.28876792,8.364660544,88.07750575
Bengal Gram (Gram)(Whole),Green Bengal Gram (Gram)(Whole),35.09981228,58.4295565,81.95262442,20.41205739,16.02975158,6.259023922,78.47891514
Bengal Gram (Gram)(Whole),Green Bengal Gram (Gram)(Whole),38.77489614,64.78885094,82.00345901,19.68215103,16.66545485,7.607484814,88.21993712
Bengal Gram (Gram)(Whole),Green Bengal Gram (Gram)(Whole),29.08210955,74.05309118,82.14898435,17.92924963,16.74908491,7.951992336,89.67415915
Bengal Gram (Gram)(Whole),Green Bengal Gram (Gram)(Whole),26.85916199,76.84384872,81.91526829,17.31579255,19.83347737,7.79595897,91.09911648
Bengal Gram (Gram)(Whole),Green Bengal Gram (Gram)(Whole),25.35920892,69.038014,81.03632345,20.14067859,19.67022785,6.561825946,65.36492743
Bengal Gram (Gram)(Whole),Green Bengal Gram (Gram)(Whole),40.52761519,60.50141297,78.02935758,19.81484725,18.61716888,6.991900553,74.72101698
Bengal Gram (Gram)(Whole),Green Bengal Gram (Gram)(Whole),35.35293257,59.07264276,79.12299713,18.96875572,19.20764361,7.620576362,93.09364591
Bengal Gram (Gram)(Whole),Green Bengal Gram (Gram)(Whole),31.37884807,73.87009789,81.87716285,19.30294653,17.32766391,7.32932319,85.1652089
Bengal Gram (Gram)(Whole),Green Bengal Gram (Gram)(Whole),51.44133826,64.96062803,81.68515108,17.63318613,16.13141885,6.013094398,75.89355654
Bengal Gram (Gram)(Whole),Green Bengal Gram (Gram)(Whole),29.00769014,66.38498903,81.41726014,18.66024365,18.74488161,7.29069172,69.8758289
Bengal Gram (Gram)(Whole),Green Bengal Gram (Gram)(Whole),45.47523273,60.18037111,78.12292,18.03543855,16.36966877,6.361557521,71.04790924
Bengal Gram (Gram)(Whole),Green Bengal Gram (Gram)(Whole),53.65072198,69.71303783,78.20746081,18.57523578,19.753549,8.22122353,90.38045118
Bengal Gram (Gram)(Whole),Green Bengal Gram (Gram)(Whole),43.4104609,77.07434443,79.69512984,19.32021466,15.09897579,7.828339926,91.98272938
Bengal Gram (Gram)(Whole),Green Bengal Gram (Gram)(Whole),22.85351945,62.49094075,77.03039922,18.82185411,17.92747281,7.942291508,83.35054117
Bengal Gram (Gram)(Whole),Green Bengal Gram (Gram)(Whole),33.28997687,65.53152724,81.5492378,20.57510388,19.75161874,6.432639497,80.75409962
Bengal Gram (Gram)(Whole),Green Bengal Gram (Gram)(Whole),53.15388869,69.92604906,80.55740784,17.53433202,19.78733619,7.58988644,92.42022885
Bengal Gram (Gram)(Whole),Green Bengal Gram (Gram)(Whole),56.89465014,63.50720112,79.80272291,17.15946438,16.05915737,6.341016996,74.35887507
Bengal Gram (Gram)(Whole),Green Bengal Gram (Gram)(Whole),23.59691998,73.92220935,82.50142997,17.46728028,18.35220448,6.524257438,85.25768825
Bengal Gram (Gram)(Whole),Green Bengal Gram (Gram)(Whole),51.10617026,57.94420944,79.95807255,18.79010071,19.69682844,7.448218084,82.03146962
Bengal Gram (Gram)(Whole),Green Bengal Gram (Gram)(Whole),32.74893974,56.40152428,78.92928765,17.91550817,18.48783149,8.798792635,80.27840276
Bengal Gram (Gram)(Whole),Green Bengal Gram (Gram)(Whole),44.57673743,77.11514601,80.14566612,18.44734803,15.33038998,7.518921023,79.60306465
Bengal Gram (Gram)(Whole),Green Bengal Gram (Gram)(Whole),22.57022822,64.62500203,78.2792151,18.14835707,16.8658971,8.504041232,90.13959453
Bengal Gram (Gram)(Whole),Green Bengal Gram (Gram)(Whole),34.27672748,72.31254169,81.26947368,20.07865588,15.19555504,7.235086455,84.11333458
Bengal Gram (Gram)(Whole),Green Bengal Gram (Gram)(Whole),51.36113,73.53764304,77.92194407,20.08030182,17.1676147,7.032283475,84.03811841
Bengal Gram (Gram)(Whole),Green Bengal Gram (Gram)(Whole),28.1822043,62.32896486,79.73638953,20.01042399,14.76090562,7.587466896,79.9777257
Bengal Gram (Gram)(Whole),Green Bengal Gram (Gram)(Whole),26.53437345,60.76826861,80.30425408,19.51658172,17.31583289,7.805860889,86.56501424
Bengal Gram (Gram)(Whole),Green Bengal Gram (Gram)(Whole),42.15849401,69.16991965,78.66698584,19.15671762,17.55753767,7.625859786,77.79976584
Bengal Gram (Gram)(Whole),Green Bengal Gram (Gram)(Whole),45.68163436,72.00639189,77.9050719,17.16742176,16.82974978,6.941025884,93.87429171
Bengal Gram (Gram)(Whole),Green Bengal Gram (Gram)(Whole),24.04532396,65.31781655,79.49957152,18.89005079,15.39219745,7.74426387,85.76820693
Bengal Gram (Gram)(Whole),Green Bengal Gram (Gram)(Whole),38.05656582,56.92267387,81.63384662,20.49685353,16.63679113,7.640470912,90.42667551
Bengal Gram (Gram)(Whole),Green Bengal Gram (Gram)(Whole),46.09746476,69.00993957,79.8214563,18.35753618,19.82216862,6.277503224,88.51907407
Bengal Gram (Gram)(Whole),Green Bengal Gram (Gram)(Whole),26.22677932,58.78642182,78.37540934,17.3269189,18.32586905,7.165234148,66.56805622
Bengal Gram (Gram)(Whole),Green Bengal Gram (Gram)(Whole),52.01920843,64.47871271,82.5554729,18.48613119,15.26637607,8.671754535,89.36664706
Bengal Gram (Gram)(Whole),Green Bengal Gram (Gram)(Whole),47.66499429,62.46593214,78.32070005,19.40594318,18.77882581,6.824466849,89.75892651
Bengal Gram (Gram)(Whole),Green Bengal Gram (Gram)(Whole),39.69146495,69.81641218,79.83202705,20.51254046,18.97955131,6.949810413,70.37315324
Bengal Gram (Gram)(Whole),Green Bengal Gram (Gram)(Whole),27.01873662,63.3139525,78.1092244,17.39492224,15.08684023,6.015380942,71.11534979
Bengal Gram (Gram)(Whole),Green Bengal Gram (Gram)(Whole),30.73610758,70.6211998,78.40039699,17.40269966,15.44888502,7.778941396,92.63300216
Bengal Gram (Gram)(Whole),Green Bengal Gram (Gram)(Whole),32.3213189,63.15484762,78.16239042,18.27405909,15.74654911,8.064469981,82.89328249
Bengal Gram (Gram)(Whole),Green Bengal Gram (Gram)(Whole),35.12143685,75.64944948,81.04541377,19.23787207,17.03334209,6.162947819,66.88067488
Bengal Gram (Gram)(Whole),Green Bengal Gram (Gram)(Whole),24.08452994,60.22350108,77.8099626,18.19652173,18.13188509,8.659247184,79.39324464
Bengal Gram (Gram)(Whole),Green Bengal Gram (Gram)(Whole),45.51570147,73.03211272,78.78862428,17.18870994,16.25985848,7.909265702,68.0359478
Bengal Gram (Gram)(Whole),Green Bengal Gram (Gram)(Whole),30.38803867,65.26920571,80.1997497,20.19027425,15.82344781,7.443903023,76.48569547
Bengal Gram (Gram)(Whole),Green Bengal Gram (Gram)(Whole),45.90854689,76.09719322,80.22887914,18.20511791,16.65718972,8.624653439,77.34279319
Bengal Gram (Gram)(Whole),Green Bengal Gram (Gram)(Whole),42.52199099,67.41403573,80.92205015,17.81657434,19.82572029,7.638086571,86.68829012
Bengal Gram (Gram)(Whole),Green Bengal Gram (Gram)(Whole),34.66817979,60.20845846,81.18593914,19.10268474,17.35358992,7.32313346,67.34403721
Bengal Gram (Gram)(Whole),Green Bengal Gram (Gram)(Whole),45.48582323,60.36027039,79.50306422,17.62565616,16.97494939,8.030661998,74.78523682
Bengal Gram (Gram)(Whole),Green Bengal Gram (Gram)(Whole),27.47702851,73.37881557,79.19605916,17.86421942,16.15020531,6.428851182,80.84731759
Bengal Gram (Gram)(Whole),Green Bengal Gram (Gram)(Whole),24.55251089,72.9276105,77.33922866,18.05116698,17.10476711,7.292042219,75.28292811
Bengal Gram (Gram)(Whole),Green Bengal Gram (Gram)(Whole),33.14593127,71.73137408,80.21088477,17.12880936,18.80425803,6.447278316,87.13827043
Bengal Gram (Gram)(Whole),Green Bengal Gram (Gram)(Whole),35.01739203,65.32204596,82.09250529,20.50494187,15.84861744,6.042108022,93.82955145
Bengal Gram (Gram)(Whole),Green Bengal Gram (Gram)(Whole),44.43205209,72.00340361,81.23220038,19.87406977,19.74768186,6.763966514,70.61794958
Bengal Gram (Gram)(Whole),Green Bengal Gram (Gram)(Whole),28.99453858,58.25307964,79.95287582,17.66940427,16.41108131,7.094224933,71.13242842
Bengal Gram (Gram)(Whole),Green Bengal Gram (Gram)(Whole),51.06758732,74.35860444,79.4074092,18.3507457,16.45289767,6.598152112,67.89187816
Bengal Gram (Gram)(Whole),Green Bengal Gram (Gram)(Whole),53.7757577,72.8692013,81.53862813,19.57574315,18.63945411,7.747152649,88.57242466
Bengal Gram (Gram)(Whole),Green Bengal Gram (Gram)(Whole),30.9705859,75.02253487,82.47259159,17.54748742,17.12203349,6.49777051,84.43403739
Bengal Gram (Gram)(Whole),Green Bengal Gram (Gram)(Whole),46.39651309,72.43880313,78.84991421,18.62714713,18.76322446,8.654155022,84.24544575
Bengal Gram (Gram)(Whole),Green Bengal Gram (Gram)(Whole),31.03070841,70.09231724,80.13997521,19.58708425,15.64120644,7.906290529,82.93502624
Bengal Gram (Gram)(Whole),Green Bengal Gram (Gram)(Whole),52.29667495,68.78465541,80.49670759,18.76130605,16.49892398,7.085162324,66.87060097
Bengal Gram (Gram)(Whole),Green Bengal Gram (Gram)(Whole),34.53398251,72.32620414,82.35208465,17.24620493,16.1036,6.510107207,73.48971666
Bengal Gram (Gram)(Whole),Green Bengal Gram (Gram)(Whole),39.4727594,57.95530382,82.77824962,20.42108906,18.06431005,7.868893729,66.58813892
Bengal Gram (Gram)(Whole),Green Bengal Gram (Gram)(Whole),44.05576729,66.96977199,81.41721854,18.45219164,19.71685217,7.247585983,83.5252268
Bengal Gram (Gram)(Whole),Green Bengal Gram (Gram)(Whole),36.26415544,77.43820772,79.07022596,17.19148608,15.19515214,7.707667848,87.89015803
Bengal Gram (Gram)(Whole),Green Bengal Gram (Gram)(Whole),32.35450107,66.744263,79.75416833,19.03056786,18.56203337,6.620844599,72.39818913
Bengal Gram (Gram)(Whole),Green Bengal Gram (Gram)(Whole),55.68967468,71.93087901,77.93130501,17.69927704,15.13393577,7.603830478,72.34740914
Bengal Gram (Gram)(Whole),Green Bengal Gram (Gram)(Whole),22.79408115,73.54878634,79.75215931,17.85736374,17.12831197,6.140186995,88.21426539
Bengal Gram (Gram)(Whole),Green Bengal Gram (Gram)(Whole),43.56932797,57.67035278,81.7071804,18.12089258,19.49124494,8.341241856,86.99403196
Bengal Gram (Gram)(Whole),Green Bengal Gram (Gram)(Whole),50.72156574,68.13193982,82.28626828,20.04008487,15.53191009,7.186647513,88.19189663
Bengal Gram (Gram)(Whole),Green Bengal Gram (Gram)(Whole),42.57572844,77.6039753,81.8275701,20.46275232,19.34037485,6.305262037,85.67185927
Bengal Gram (Gram)(Whole),Green Bengal Gram (Gram)(Whole),28.4764692,69.63482822,79.21778061,19.37651931,16.11594995,8.27541498,88.28658013
Bengal Gram (Gram)(Whole),Green Bengal Gram (Gram)(Whole),29.52732913,63.60295328,79.87837059,20.03322499,17.12788196,6.331662358,72.45392541
Bengal Gram (Gram)(Whole),Green Bengal Gram (Gram)(Whole),50.96589746,63.76089372,82.65963983,18.02810345,17.4136934,7.091605796,94.23925186
Bengal Gram (Gram)(Whole),Green Bengal Gram (Gram)(Whole),25.13813306,76.28601256,81.54796885,17.47405625,16.55297657,7.885805867,70.93307148
Bengal Gram (Gram)(Whole),Green Bengal Gram (Gram)(Whole),23.69777048,72.85775235,78.38621521,19.25069186,16.92314327,6.076971869,78.26255638
Bengal Gram (Gram)(Whole),Green Bengal Gram (Gram)(Whole),39.46059944,64.73926225,80.19442692,17.66988727,19.5469354,7.584123903,93.38619725
Bengal Gram (Gram)(Whole),Green Bengal Gram (Gram)(Whole),46.0286204,72.10869395,81.02487012,20.50037392,18.5094353,6.58578493,72.04134546
Bengal Gram (Gram)(Whole),Green Bengal Gram (Gram)(Whole),45.91870828,74.79103536,80.04807828,19.69934169,16.10212918,8.695932374,93.24557219
Bengal Gram (Gram)(Whole),Green Bengal Gram (Gram)(Whole),49.12785262,73.89840855,79.77278107,19.64688131,15.13771429,6.429949788,77.33103422
Bengal Gram (Gram)(Whole),Green Bengal Gram (Gram)(Whole),36.41569623,71.65517557,80.98804396,17.55368322,17.69116452,6.77130682,76.40310436
Bengal Gram (Gram)(Whole),Green Bengal Gram (Gram)(Whole),33.99848847,74.71981071,80.12624754,17.4839826,17.72172275,7.044519119,72.38514444
Bengal Gram (Gram)(Whole),Green Bengal Gram (Gram)(Whole),47.91814368,66.23756479,80.16078966,17.14721642,15.46509772,6.145252809,79.25226137
Bengal Gram (Gram)(Whole),Green Bengal Gram (Gram)(Whole),34.04119664,57.89360984,80.0261033,20.05479041,17.13530325,7.075395333,78.96381544
Bengal Gram (Gram)(Whole),Green Bengal Gram (Gram)(Whole),48.46707126,70.04670292,82.0498205,17.14721671,19.70081863,8.506827875,81.24641198
Bengal Gram (Gram)(Whole),Green Bengal Gram (Gram)(Whole),27.92460842,71.42895764,79.30353627,17.30326954,15.81602142,6.558095876,73.2041075
Bengal Gram (Gram)(Whole),Green Bengal Gram (Gram)(Whole),26.15613842,76.03313507,80.15997013,19.58167525,19.44268069,7.589791367,65.94102644
Bengal Gram (Gram)(Whole),Green Bengal Gram (Gram)(Whole),39.25429866,57.27863917,81.78519803,20.57789123,18.64709444,6.183188573,80.31120943
Bengal Gram (Gram)(Whole),Green Bengal Gram (Gram)(Whole),52.64837155,58.78571113,81.18430507,19.28097268,17.59228969,6.658389064,76.26935134
Bengal Gram (Gram)(Whole),Green Bengal Gram (Gram)(Whole),34.3820642,57.42442154,79.16258768,20.01923436,17.31375526,7.361239845,80.90115253
Bengal Gram (Gram)(Whole),Green Bengal Gram (Gram)(Whole),23.95348967,66.99148992,79.05832124,18.55824024,16.48230534,6.556182758,73.18216514
Bengal Gram (Gram)(Whole),Black Bengal Gram (Gram)(Whole),37.00466214,77.95232482,80.09561537,17.57611906,16.64658462,7.138606567,92.80820744
Bengal Gram (Gram)(Whole),Black Bengal Gram (Gram)(Whole),45.8847789,68.14472542,79.07112569,19.11708055,17.18651674,6.540346989,66.1783278
Bengal Gram (Gram)(Whole),Black Bengal Gram (Gram)(Whole),26.5044423,65.88370689,81.61042854,19.69717008,19.12439051,7.93540876,67.78462588
Bengal Gram (Gram)(Whole),Black Bengal Gram (Gram)(Whole),35.49484943,57.8706456,77.10094131,19.12718476,16.27643175,8.242334334,70.83906283
Bengal Gram (Gram)(Whole),Black Bengal Gram (Gram)(Whole),43.60217561,57.5233348,80.68006629,18.80644274,17.43167916,8.232614366,82.65724627
Bengal Gram (Gram)(Whole),Black Bengal Gram (Gram)(Whole),41.28425042,70.89574612,76.29802882,18.9434069,17.33725785,6.401996159,70.51584436
Bengal Gram (Gram)(Whole),Black Bengal Gram (Gram)(Whole),56.52053191,69.02287431,82.48161456,19.81691184,19.61672148,7.733948407,83.56767557
Bengal Gram (Gram)(Whole),Black Bengal Gram (Gram)(Whole),50.27855569,76.23322434,80.08085724,17.68170326,19.65728893,7.264065876,84.44342452
Bengal Gram (Gram)(Whole),Black Bengal Gram (Gram)(Whole),27.31912743,67.73695116,80.65971025,19.44464421,14.66921298,6.198875254,84.70347223
Bengal Gram (Gram)(Whole),Black Bengal Gram (Gram)(Whole),28.91323473,77.5486906,78.09995916,17.68109527,18.84604645,6.971415704,89.3673614
Bengal Gram (Gram)(Whole),Black Bengal Gram (Gram)(Whole),40.36837359,65.46713519,83.29225979,19.25741951,15.514913,6.03220642,90.65705425
Bengal Gram (Gram)(Whole),Black Bengal Gram (Gram)(Whole),53.96448775,71.19361197,76.8607104,18.69082552,14.42049135,7.475002836,71.27380668
Bengal Gram (Gram)(Whole),Black Bengal Gram (Gram)(Whole),26.21684029,62.98775428,77.20352809,20.61617393,15.78577423,7.285235417,84.74296483
Bengal Gram (Gram)(Whole),Black Bengal Gram (Gram)(Whole),23.43803059,67.94213486,80.67254985,18.6421761,18.59893078,7.078233694,93.48340291
Bengal Gram (Gram)(Whole),Black Bengal Gram (Gram)(Whole),23.44882235,60.42239154,76.51419032,18.48912251,19.41085178,7.426114396,89.07920956
Bengal Gram (Gram)(Whole),Black Bengal Gram (Gram)(Whole),41.32070703,68.42242928,77.67994872,17.57752105,15.87921968,8.12549921,92.30384549
Bengal Gram (Gram)(Whole),Black Bengal Gram (Gram)(Whole),27.88457075,71.16815905,81.45723244,19.87513387,14.9577197,6.398053532,86.57644817
Bengal Gram (Gram)(Whole),Black Bengal Gram (Gram)(Whole),56.13858065,66.63008218,77.25786179,20.52973004,14.6863642,8.141659391,83.57440161
Bengal Gram (Gram)(Whole),Black Bengal Gram (Gram)(Whole),39.53776324,61.4308653,83.28788553,17.47985904,15.95267976,7.825225577,69.19759351
Bengal Gram (Gram)(Whole),Black Bengal Gram (Gram)(Whole),40.78407385,73.64016185,76.56561975,18.22872601,14.58604791,8.019038286,82.71232401
Bengal Gram (Gram)(Whole),Black Bengal Gram (Gram)(Whole),50.20953101,61.59561376,80.82891062,18.11831499,17.24825345,8.443307036,88.38057315
Bengal Gram (Gram)(Whole),Black Bengal Gram (Gram)(Whole),26.96195464,69.09331902,78.16061381,18.07298916,14.99986154,8.314374591,72.19019887
Bengal Gram (Gram)(Whole),Black Bengal Gram (Gram)(Whole),31.23159732,65.10800952,82.98532547,17.77664534,15.39848477,8.613903765,78.12145542
Bengal Gram (Gram)(Whole),Black Bengal Gram (Gram)(Whole),53.95376754,72.72450005,77.25033401,17.57010127,14.69169732,8.510435759,67.10180651
Bengal Gram (Gram)(Whole),Black Bengal Gram (Gram)(Whole),39.90359205,76.56268591,76.64767021,19.19101638,19.38578752,7.780903435,83.27498421
Bengal Gram (Gram)(Whole),Black Bengal Gram (Gram)(Whole),47.71826994,59.47051825,82.16629768,20.45921632,17.05861251,6.456715394,68.69193039
Bengal Gram (Gram)(Whole),Black Bengal Gram (Gram)(Whole),46.44220198,70.03204443,80.66686574,19.13286785,17.33357375,7.467189055,86.3962303
Bengal Gram (Gram)(Whole),Black Bengal Gram (Gram)(Whole),44.43818035,65.46591095,80.87304968,18.59962766,18.59224008,6.641717533,70.51327576
Bengal Gram (Gram)(Whole),Black Bengal Gram (Gram)(Whole),23.6224558,78.31668448,77.29421565,19.93821568,15.59450968,6.530623874,75.06523372
Bengal Gram (Gram)(Whole),Black Bengal Gram (Gram)(Whole),57.3764656,59.95871805,78.76435425,20.40614231,15.4511856,6.03039425,85.75640917
Bengal Gram (Gram)(Whole),Black Bengal Gram (Gram)(Whole),53.57939986,59.73926346,81.03092697,20.32301777,18.5516242,7.485559216,89.07878415
Bengal Gram (Gram)(Whole),Black Bengal Gram (Gram)(Whole),23.91984161,76.96303087,80.43653567,19.62641263,17.93624282,6.803741958,91.31868616
Bengal Gram (Gram)(Whole),Black Bengal Gram (Gram)(Whole),39.42073415,77.91861714,79.93321903,19.24154905,18.66461563,7.145009669,70.70334842
Bengal Gram (Gram)(Whole),Black Bengal Gram (Gram)(Whole),39.26447505,72.85508787,78.14385503,19.95710704,16.06335323,8.121976213,74.10100821
Bengal Gram (Gram)(Whole),Black Bengal Gram (Gram)(Whole),58.8569768,75.20059551,82.27641907,17.69325576,17.86167958,6.458996461,88.72094175
Bengal Gram (Gram)(Whole),Black Bengal Gram (Gram)(Whole),50.62676264,73.00677742,79.0533497,19.11762026,19.63264904,7.360407409,78.01259033
Bengal Gram (Gram)(Whole),Black Bengal Gram (Gram)(Whole),53.37048167,58.52896164,83.88960847,20.2315114,17.00547735,7.612405074,66.91908736
Bengal Gram (Gram)(Whole),Black Bengal Gram (Gram)(Whole),45.08875036,78.52268596,82.50864374,17.68754055,16.1917556,6.406503555,90.68513552
Bengal Gram (Gram)(Whole),Black Bengal Gram (Gram)(Whole),56.45170113,69.3191912,83.0355558,19.54447667,17.85286083,7.889460076,81.06917782
Bengal Gram (Gram)(Whole),Black Bengal Gram (Gram)(Whole),41.66752959,61.17565526,77.0564026,19.65542687,19.27017243,7.755784381,79.49025783
Bengal Gram (Gram)(Whole),Black Bengal Gram (Gram)(Whole),39.32009828,57.33188229,77.0139136,18.60058339,17.73595606,6.805060509,86.63201826
Bengal Gram (Gram)(Whole),Black Bengal Gram (Gram)(Whole),28.88406449,57.80971736,77.81331572,17.4091574,16.58421435,6.898553675,82.32562792
Bengal Gram (Gram)(Whole),Black Bengal Gram (Gram)(Whole),30.85901967,70.79549872,79.79320924,17.94234676,15.76762274,7.543248391,69.55999475
Bengal Gram (Gram)(Whole),Black Bengal Gram (Gram)(Whole),27.21723844,57.72309357,77.47655579,19.92934812,19.40001819,7.15879205,67.31920712
Bengal Gram (Gram)(Whole),Black Bengal Gram (Gram)(Whole),47.05908284,63.84323991,76.85896666,19.24899405,15.96535312,7.645947718,69.14733679
Bengal Gram (Gram)(Whole),Black Bengal Gram (Gram)(Whole),41.32947398,74.12208533,81.37247945,18.34907322,14.50789592,6.703956443,75.60891037
Bengal Gram (Gram)(Whole),Black Bengal Gram (Gram)(Whole),47.69755672,68.67346474,82.68570674,18.759241,16.69181366,8.322553581,73.83653197
Bengal Gram (Gram)(Whole),Black Bengal Gram (Gram)(Whole),53.45581529,71.43067336,78.30394232,20.0412067,14.46457158,6.417768152,73.0699874
Bengal Gram (Gram)(Whole),Black Bengal Gram (Gram)(Whole),35.23390412,76.21628973,79.64150867,20.83190402,19.31286496,6.535372134,71.80618265
Bengal Gram (Gram)(Whole),Black Bengal Gram (Gram)(Whole),26.25699369,58.25547938,78.12634907,20.23119844,15.87356069,8.372839045,78.21295743
Bengal Gram (Gram)(Whole),Black Bengal Gram (Gram)(Whole),28.18565913,60.7805389,77.34250689,19.41387615,15.67710762,6.428650846,69.73232199
Bengal Gram (Gram)(Whole),Black Bengal Gram (Gram)(Whole),56.8197976,72.1338428,77.00031316,19.33017662,17.90997421,6.873228457,65.9483036
Bengal Gram (Gram)(Whole),Black Bengal Gram (Gram)(Whole),46.54728457,75.09277553,82.82158317,18.74538024,14.61620262,6.249369888,82.97341683
Bengal Gram (Gram)(Whole),Black Bengal Gram (Gram)(Whole),34.30306622,72.89393401,83.60332228,17.68299772,18.8870716,7.95109659,94.11461897
Bengal Gram (Gram)(Whole),Black Bengal Gram (Gram)(Whole),57.96159794,70.07298654,81.63156254,19.62023711,18.37743466,7.57299442,65.35702661
Bengal Gram (Gram)(Whole),Black Bengal Gram (Gram)(Whole),26.64362337,57.84105264,78.38044002,20.64996516,14.8993829,8.668620139,68.68357478
Bengal Gram (Gram)(Whole),Black Bengal Gram (Gram)(Whole),50.25769078,78.80550506,77.30610214,20.78967859,15.78872081,6.559556329,75.26215475
Bengal Gram (Gram)(Whole),Black Bengal Gram (Gram)(Whole),33.57867704,59.81062196,80.44025644,18.88283,16.58484041,6.338980328,84.96063463
Bengal Gram (Gram)(Whole),Black Bengal Gram (Gram)(Whole),37.94249893,73.27291408,82.77592315,18.91639072,19.64662559,6.63161487,91.90751977
Bengal Gram (Gram)(Whole),Black Bengal Gram (Gram)(Whole),45.82765112,68.44985897,79.76101687,18.16617677,14.75179939,8.347418897,74.55888044
Bengal Gram (Gram)(Whole),Black Bengal Gram (Gram)(Whole),43.89737467,72.11538116,82.56176381,19.54741907,15.67781443,8.019014823,88.29089025
Bengal Gram (Gram)(Whole),Black Bengal Gram (Gram)(Whole),37.15314635,78.49123897,80.41997699,19.61582196,18.68988982,6.134964183,66.65847226
Bengal Gram (Gram)(Whole),Black Bengal Gram (Gram)(Whole),36.58470242,63.49376296,78.62710892,20.70083065,17.81128567,7.50474695,69.995852
Bengal Gram (Gram)(Whole),Black Bengal Gram (Gram)(Whole),37.1842413,59.35183538,76.19498932,18.81685004,17.37079621,7.666181005,70.59316873
Bengal Gram (Gram)(Whole),Black Bengal Gram (Gram)(Whole),43.866009,57.03237054,80.11581204,17.81817501,17.50719416,7.776757483,73.27172678
Bengal Gram (Gram)(Whole),Black Bengal Gram (Gram)(Whole),25.95785787,74.55141082,79.73009344,20.54386559,16.21553787,8.505563585,71.57343729
Bengal Gram (Gram)(Whole),Black Bengal Gram (Gram)(Whole),45.01413545,59.74976287,81.1587572,19.37009798,14.73418667,6.722136053,75.90844703
Bengal Gram (Gram)(Whole),Black Bengal Gram (Gram)(Whole),58.93800999,71.59633386,77.8452914,18.89736788,18.87053406,8.414179563,75.0380248
Bengal Gram (Gram)(Whole),Black Bengal Gram (Gram)(Whole),31.6860722,57.37258841,78.90657673,18.19069842,16.32568544,6.750407611,87.52606417
Bengal Gram (Gram)(Whole),Black Bengal Gram (Gram)(Whole),55.02534955,67.23563381,82.78581191,18.81328304,18.25360933,7.519412276,85.29198872
Bengal Gram (Gram)(Whole),Black Bengal Gram (Gram)(Whole),46.83283978,68.50973234,77.69601361,20.3568414,18.34693484,8.631891992,73.04535097
Bengal Gram (Gram)(Whole),Black Bengal Gram (Gram)(Whole),39.43659404,74.25798652,79.03909251,18.73964557,16.80418294,7.349119036,67.40044973
Bengal Gram (Gram)(Whole),Black Bengal Gram (Gram)(Whole),52.16666481,73.94435084,80.03115695,17.76181699,18.78868855,7.370127786,89.04440858
Bengal Gram (Gram)(Whole),Black Bengal Gram (Gram)(Whole),46.06264631,70.14394295,82.35223168,19.47296233,18.38722483,6.630862137,85.4615688
Bengal Gram (Gram)(Whole),Black Bengal Gram (Gram)(Whole),55.5896111,72.2870687,77.87446257,17.49384846,18.97861863,6.515500344,93.80742375
Bengal Gram (Gram)(Whole),Black Bengal Gram (Gram)(Whole),30.51864453,71.8082583,78.81728468,19.86132867,19.38190894,6.979023778,91.54200689
Bengal Gram (Gram)(Whole),Black Bengal Gram (Gram)(Whole),27.70341215,58.64768666,76.01778575,20.30872674,18.51099557,7.861599473,75.3634563
Bengal Gram (Gram)(Whole),Black Bengal Gram (Gram)(Whole),50.2285559,73.38119843,76.07437858,17.96640251,16.17644509,7.969187811,69.59563008
Bengal Gram (Gram)(Whole),Black Bengal Gram (Gram)(Whole),31.24080318,66.7483013,81.52444199,19.08270556,18.42992824,7.882755261,70.95881553
Bengal Gram (Gram)(Whole),Black Bengal Gram (Gram)(Whole),30.93031516,65.26069478,81.07276604,19.96179696,19.14102211,8.017431703,70.62295316
Bengal Gram (Gram)(Whole),Black Bengal Gram (Gram)(Whole),57.10772589,65.12289161,79.77132386,18.98781893,16.75170641,6.427156372,81.11144778
Bengal Gram (Gram)(Whole),Black Bengal Gram (Gram)(Whole),57.05034853,77.38794093,79.13188567,17.90066115,16.93315434,6.121705571,83.23843006
Bengal Gram (Gram)(Whole),Black Bengal Gram (Gram)(Whole),31.04712385,69.33377255,82.61561719,20.66156539,19.70753385,6.406360704,74.64299495
Bengal Gram (Gram)(Whole),Black Bengal Gram (Gram)(Whole),54.81216694,78.81907386,76.97359402,19.27933261,14.39284206,7.60624131,88.84625303
Bengal Gram (Gram)(Whole),Black Bengal Gram (Gram)(Whole),41.86299639,64.3229991,82.59256331,18.35558334,17.584122,6.165968703,73.87262184
Bengal Gram (Gram)(Whole),Black Bengal Gram (Gram)(Whole),49.67719096,68.35427786,82.99658318,17.8251894,16.56393959,7.868854232,71.42066752
Bengal Gram (Gram)(Whole),Black Bengal Gram (Gram)(Whole),34.18078124,60.57933889,76.3188109,19.8388444,15.48282502,6.687738081,78.56642585
Bengal Gram (Gram)(Whole),Black Bengal Gram (Gram)(Whole),27.15568911,63.32482834,78.83594247,20.05913245,17.85778808,8.628172074,66.33882349
Bengal Gram (Gram)(Whole),Black Bengal Gram (Gram)(Whole),42.20262563,75.45008962,77.25525186,20.75724712,15.49399284,7.324596085,67.03657212
Bengal Gram (Gram)(Whole),Black Bengal Gram (Gram)(Whole),41.3028877,71.65852267,76.61739271,18.13727037,16.7892377,6.650750957,87.28272293
Bengal Gram (Gram)(Whole),Black Bengal Gram (Gram)(Whole),46.1767129,71.24085574,83.76815011,20.81751383,18.45560125,6.41594866,81.74812842
Bengal Gram (Gram)(Whole),Black Bengal Gram (Gram)(Whole),37.69855075,76.59187443,81.87243684,19.96744603,18.67129782,6.097451036,70.38708329
Bengal Gram (Gram)(Whole),Black Bengal Gram (Gram)(Whole),43.14787576,61.30919649,79.8206236,18.18591585,15.28748682,7.126531679,85.79287558
Bengal Gram (Gram)(Whole),Black Bengal Gram (Gram)(Whole),58.39575526,69.73759766,81.3099573,18.67827247,19.55544292,6.409329509,88.53445571
Bengal Gram (Gram)(Whole),Black Bengal Gram (Gram)(Whole),53.39778906,72.75416932,78.75756159,19.5243082,18.57870066,8.516935832,90.04605921
Bengal Gram (Gram)(Whole),Black Bengal Gram (Gram)(Whole),44.35148339,62.25546035,81.040645,17.95406584,19.69952478,6.684864606,71.65060329
Bengal Gram (Gram)(Whole),Black Bengal Gram (Gram)(Whole),50.27830025,74.03281805,76.3221948,17.81669567,15.542146,7.848481638,83.85172555
Bengal Gram (Gram)(Whole),Black Bengal Gram (Gram)(Whole),29.28650738,66.39495242,78.93233526,20.15184665,17.97152965,7.549876108,82.86152327
Bengal Gram (Gram)(Whole),Black Bengal Gram (Gram)(Whole),58.96052604,72.46430082,78.00240487,19.24107507,19.64356475,6.842656417,91.39497884
Bengal Gram (Gram)(Whole),Black Bengal Gram (Gram)(Whole),28.37286076,75.74496055,78.52074442,19.45015738,16.23003471,8.197641802,86.57684484
