main-crop,sub-crop,N,P,K,temperature,humidity,ph,rainfall
Black Gram (Urd Beans)(Whole),Green Gram (Moong)(Whole),24.88301503,65.15904011,19.9378008,26.96076596,66.87437199,7.115795212,74.60693647
Black Gram (Urd Beans)(Whole),Green Gram (Moong)(Whole),49.26338945,60.24067743,29.45257542,26.74437195,62.86341413,6.922936461,69.29851495
Black Gram (Urd Beans)(Whole),Green Gram (Moong)(Whole),27.40309946,70.19466479,21.83773544,34.19153731,69.21011159,6.515551305,61.45836477
Black Gram (Urd Beans)(Whole),Green Gram (Moong)(Whole),25.00404548,73.24036763,20.16284298,34.4627857,66.44656042,6.885825076,62.70909726
Black Gram (Urd Beans)(Whole),Green Gram (Moong)(Whole),37.4012377,72.00220837,22.66023185,33.53340551,64.82557831,6.556045943,66.82146888
Black Gram (Urd Beans)(Whole),Green Gram (Moong)(Whole),25.57839658,60.62827091,15.52800267,29.78690863,62.4682633,6.797973176,73.35865525
Black Gram (Urd Beans)(Whole),Green Gram (Moong)(Whole),52.08010072,55.74559018,28.20681869,34.82273689,67.51457741,6.534426766,77.72062778
Black Gram (Urd Beans)(Whole),Green Gram (Moong)(Whole),35.50076743,56.39994272,15.32311793,30.23325667,64.11796053,6.537647991,64.14558228
Black Gram (Urd Beans)(Whole),Green Gram (Moong)(Whole),30.97362114,64.61159241,15.3311688,25.50069533,60.72127851,6.60075926,65.55381134
Black Gram (Urd Beans)(Whole),Green Gram (Moong)(Whole),39.65076276,67.90449525,24.6901175,30.3565295,62.57307678,7.3092322,76.03524502
Black Gram (Urd Beans)(Whole),Green Gram (Moong)(Whole),47.35649732,56.45851418,25.79935094,29.28486208,62.17067595,6.880534931,79.84838424
Black Gram (Urd Beans)(Whole),Green Gram (Moong)(Whole),47.24986565,67.08215485,26.2964175,30.40595275,63.66606607,7.143808414,64.31821864
Black Gram (Urd Beans)(Whole),Green Gram (Moong)(Whole),24.64577562,68.07787982,21.72867919,30.30491771,68.30261587,7.157017946,79.89791234
Black Gram (Urd Beans)(Whole),Green Gram (Moong)(Whole),36.14718012,71.07868918,18.87244727,27.87030451,65.72743391,7.229455225,75.66602093
Black Gram (Urd Beans)(Whole),Green Gram (Moong)(Whole),34.06147652,67.73536572,15.02548099,32.33765538,67.19986264,6.693773698,74.68506859
Black Gram (Urd Beans)(Whole),Green Gram (Moong)(Whole),30.89242009,65.22405718,29.96037439,30.12619608,60.65415117,6.802213117,74.78276093
Black Gram (Urd Beans)(Whole),Green Gram (Moong)(Whole),46.13514567,65.60912749,22.58209124,30.97266517,64.05681784,6.971604324,70.41148474
Black Gram (Urd Beans)(Whole),Green Gram (Moong)(Whole),35.27979692,71.69340689,26.02098328,32.17155194,63.89929012,6.536858048,77.57533157
Black Gram (Urd Beans)(Whole),Green Gram (Moong)(Whole),42.91639489,67.18799363,29.58811529,26.54863759,66.28880529,7.234872997,71.94937631
Black Gram (Urd Beans)(Whole),Green Gram (Moong)(Whole),25.0951016,67.73173679,27.51017889,26.05941748,67.04794085,7.250570247,77.40862909
Black Gram (Urd Beans)(Whole),Green Gram (Moong)(Whole),42.17568086,71.75510807,22.56426939,31.50960578,61.4969143,7.435536489,73.53159053
Black Gram (Urd Beans)(Whole),Green Gram (Moong)(Whole),22.02777003,71.01965676,28.23861677,25.80822788,62.86909536,7.053039362,73.4184832
Black Gram (Urd Beans)(Whole),Green Gram (Moong)(Whole),33.77460959,55.96277616,19.8001147,34.32080586,64.11870378,6.864873837,79.82065672
Black Gram (Urd Beans)(Whole),Green Gram (Moong)(Whole),37.58368948,54.23404407,28.4847264,30.86676222,68.26479778,6.666691965,67.03763399
Black Gram (Urd Beans)(Whole),Green Gram (Moong)(Whole),36.01812954,64.67564137,19.34758161,29.13542452,69.4850387,6.8997463,61.81239701
Black Gram (Urd Beans)(Whole),Green Gram (Moong)(Whole),32.25524225,71.59971839,26.52972215,30.98260911,64.60257625,7.129594593,66.98243989
Black Gram (Urd Beans)(Whole),Green Gram (Moong)(Whole),39.70014138,71.69125941,22.40369168,33.84041324,66.66893893,6.888771757,79.00240115
Black Gram (Urd Beans)(Whole),Green Gram (Moong)(Whole),23.99096928,74.95382705,18.06704686,26.48927146,66.08498259,6.516288176,72.62656258
Black Gram (Urd Beans)(Whole),Green Gram (Moong)(Whole),28.9417729,52.02526081,28.09382618,29.91795212,63.18333979,7.482080486,76.55747044
Black Gram (Urd Beans)(Whole),Green Gram (Moong)(Whole),49.61536223,54.87135786,18.62538863,25.0142478,68.57523755,7.176500519,79.24820197
Black Gram (Urd Beans)(Whole),Green Gram (Moong)(Whole),32.06972435,63.8248668,26.49045707,30.64459661,68.00717204,7.004103601,64.70151867
Black Gram (Urd Beans)(Whole),Green Gram (Moong)(Whole),51.19280443,64.99200115,21.28961129,26.62973317,66.34805279,7.44537802,79.86549251
Black Gram (Urd Beans)(Whole),Green Gram (Moong)(Whole),52.69733346,65.99870988,24.56010943,33.64356381,64.46974144,6.631938045,66.8483044
Black Gram (Urd Beans)(Whole),Green Gram (Moong)(Whole),20.22133515,67.79536344,19.0877967,26.73142604,66.54972887,6.902464694,70.11341295
Black Gram (Urd Beans)(Whole),Green Gram (Moong)(Whole),22.47893955,64.86163838,16.85536365,31.32734051,69.19482252,6.757055736,63.02283778
Black Gram (Urd Beans)(Whole),Green Gram (Moong)(Whole),49.35012033,61.74641126,22.09732042,30.10195103,62.46445698,7.226625565,74.98859226
Black Gram (Urd Beans)(Whole),Green Gram (Moong)(Whole),41.07453295,58.59461786,15.75457575,34.42372471,63.96374525,6.9228146,69.52829868
Black Gram (Urd Beans)(Whole),Green Gram (Moong)(Whole),38.50867205,73.81047082,15.73087917,31.79282084,69.59944475,6.684199467,79.36886543
Black Gram (Urd Beans)(Whole),Green Gram (Moong)(Whole),36.32794327,51.71597851,19.80823632,26.85600416,65.58088424,6.638490832,62.36916339
Black Gram (Urd Beans)(Whole),Green Gram (Moong)(Whole),46.26785945,51.91008347,19.27671274,26.45680562,68.33342785,7.370974052,70.34780559
Black Gram (Urd Beans)(Whole),Green Gram (Moong)(Whole),41.97432492,69.55461181,18.58633474,29.50668211,61.29862712,7.218442758,70.35206654
Black Gram (Urd Beans)(Whole),Green Gram (Moong)(Whole),24.00792721,67.27898224,25.52456762,31.41635252,60.31987906,6.880604716,69.22790787
Black Gram (Urd Beans)(Whole),Green Gram (Moong)(Whole),36.65338575,67.78341745,21.69091225,25.20538256,66.88660184,7.425882256,79.99959079
Black Gram (Urd Beans)(Whole),Green Gram (Moong)(Whole),35.36686827,56.01147664,15.67907319,30.91344217,60.96284443,7.383332157,65.88786063
Black Gram (Urd Beans)(Whole),Green Gram (Moong)(Whole),34.39374006,57.64640699,28.38080003,25.53195287,63.57625461,6.966275113,65.90195782
Black Gram (Urd Beans)(Whole),Green Gram (Moong)(Whole),20.33290356,66.7127371,25.99682543,31.03892422,69.37257638,6.55722425,68.17281882
Black Gram (Urd Beans)(Whole),Green Gram (Moong)(Whole),35.85388983,74.00165002,27.05876737,28.41034898,69.97077479,7.390611918,60.71060011
Black Gram (Urd Beans)(Whole),Green Gram (Moong)(Whole),21.79086735,53.91523525,29.67208676,28.87398449,64.75653163,7.482488525,77.19599051
Black Gram (Urd Beans)(Whole),Green Gram (Moong)(Whole),31.9153582,53.41348772,22.82081038,31.33480835,69.22778366,7.330228401,70.88785313
Black Gram (Urd Beans)(Whole),Green Gram (Moong)(Whole),21.0494596,71.39399804,26.4896308,26.77524876,65.02173871,7.128017641,71.95064372
Black Gram (Urd Beans)(Whole),Green Gram (Moong)(Whole),25.31029174,56.47830128,21.31129681,29.57868313,62.26136175,7.314202733,77.80062786
Black Gram (Urd Beans)(Whole),Green Gram (Moong)(Whole),27.35166996,67.13843457,25.46469882,33.00142115,66.54974164,7.310054944,63.67341318
Black Gram (Urd Beans)(Whole),Green Gram (Moong)(Whole),31.00705004,56.85138823,25.34094119,26.95400749,64.64349926,7.496944004,70.37880478
Black Gram (Urd Beans)(Whole),Green Gram (Moong)(Whole),38.27460342,73.57201227,28.745281,25.46188966,65.99190492,7.487824752,60.22726971
Black Gram (Urd Beans)(Whole),Green Gram (Moong)(Whole),29.76216917,58.63480429,21.89353267,27.18734929,64.78573302,7.022859066,70.14831762
Black Gram (Urd Beans)(Whole),Green Gram (Moong)(Whole),43.04169492,63.05073028,25.54648725,30.30825745,62.54043481,6.57495401,75.46911347
Black Gram (Urd Beans)(Whole),Green Gram (Moong)(Whole),40.46002414,62.91364334,19.89197717,33.29713339,69.46517978,6.835921518,62.89683129
Black Gram (Urd Beans)(Whole),Green Gram (Moong)(Whole),24.82818915,69.47078968,17.58472083,29.77142099,64.13756771,6.70561155,70.36268488
Black Gram (Urd Beans)(Whole),Green Gram (Moong)(Whole),20.68035488,57.14236565,22.51631338,32.80938748,67.34918179,6.751081766,66.44016265
Black Gram (Urd Beans)(Whole),Green Gram (Moong)(Whole),45.369996,62.55494206,18.31757614,26.7377011,68.45872429,7.312087635,65.83515862
Black Gram (Urd Beans)(Whole),Green Gram (Moong)(Whole),29.70393509,57.68128251,18.21711514,25.80725507,65.61562244,6.608347408,62.04006081
Black Gram (Urd Beans)(Whole),Green Gram (Moong)(Whole),53.24594423,63.15928644,29.83843006,31.58381393,60.25569372,6.599220796,72.16442944
Black Gram (Urd Beans)(Whole),Green Gram (Moong)(Whole),23.99365311,64.97388201,16.16517338,27.22943782,65.82556101,7.349031134,70.26418651
Black Gram (Urd Beans)(Whole),Green Gram (Moong)(Whole),41.29085529,65.24730015,25.5864919,29.68339588,64.56093194,6.640246771,60.36489395
Black Gram (Urd Beans)(Whole),Green Gram (Moong)(Whole),21.10943035,72.36636901,17.82771513,33.81439927,66.16347373,7.359044579,67.00353839
Black Gram (Urd Beans)(Whole),Green Gram (Moong)(Whole),34.80486454,73.85237459,22.62999444,31.00070078,68.71482454,7.48185763,69.40831327
Black Gram (Urd Beans)(Whole),Green Gram (Moong)(Whole),25.1928672,61.8123368,17.9223845,32.26668156,62.22481784,6.983887399,62.11505921
Black Gram (Urd Beans)(Whole),Green Gram (Moong)(Whole),23.26251476,62.93890828,24.84147144,32.85421167,69.50019211,7.298329249,79.26099433
Black Gram (Urd Beans)(Whole),Green Gram (Moong)(Whole),30.01982186,63.60553318,25.97514741,33.52222746,60.50238783,7.405447498,72.44978974
Black Gram (Urd Beans)(Whole),Green Gram (Moong)(Whole),33.89052302,54.76122416,16.67315207,33.64185857,63.97320953,6.782697272,62.25808111
Black Gram (Urd Beans)(Whole),Green Gram (Moong)(Whole),54.87729786,67.28848996,17.45917645,30.04163929,66.28170443,7.475658335,70.36039411
Black Gram (Urd Beans)(Whole),Green Gram (Moong)(Whole),26.54638993,50.16857458,24.08743794,32.50881106,68.97335827,7.479643337,73.4574944
Black Gram (Urd Beans)(Whole),Green Gram (Moong)(Whole),49.87460372,65.30299818,23.29884121,29.05822618,65.57951261,6.821475816,68.49324736
Black Gram (Urd Beans)(Whole),Green Gram (Moong)(Whole),25.00103047,65.4299104,17.64849315,34.11842623,61.27773259,6.686322635,60.32365633
Black Gram (Urd Beans)(Whole),Green Gram (Moong)(Whole),49.07375837,63.36937945,19.14178241,29.959108,61.1409428,6.568801937,68.37731041
Black Gram (Urd Beans)(Whole),Green Gram (Moong)(Whole),49.4662586,60.2981455,15.93908512,34.16987822,66.21576533,6.869173408,75.10884387
Black Gram (Urd Beans)(Whole),Green Gram (Moong)(Whole),49.26263447,71.67754767,24.55581046,29.86471666,63.17266944,7.323580977,78.80126432
Black Gram (Urd Beans)(Whole),Green Gram (Moong)(Whole),35.61765689,70.37960859,20.27365004,25.52607019,63.21803581,6.981142482,74.44386241
Black Gram (Urd Beans)(Whole),Green Gram (Moong)(Whole),28.30708358,52.06128509,19.65040362,29.67976814,62.43858445,7.409074746,75.72710814
Black Gram (Urd Beans)(Whole),Green Gram (Moong)(Whole),52.78507801,68.75521874,28.4704335,30.26495284,64.54882574,6.604388747,65.84229268
Black Gram (Urd Beans)(Whole),Green Gram (Moong)(Whole),22.13161118,74.63790375,15.22905162,29.34427442,65.40853614,7.123755304,77.53257073
Black Gram (Urd Beans)(Whole),Green Gram (Moong)(Whole),22.32481381,51.45396606,29.77189869,29.01793149,63.74894376,7.389567983,64.20660013
Black Gram (Urd Beans)(Whole),Green Gram (Moong)(Whole),51.89649602,68.16934443,27.46581378,26.75606968,68.42546947,7.347682317,75.86321387
Black Gram (Urd Beans)(Whole),Green Gram (Moong)(Whole),53.81504218,62.14567897,22.05708176,28.46233493,66.85465693,7.246121279,64.52129722
Black Gram (Urd Beans)(Whole),Green Gram (Moong)(Whole),48.19801233,72.77270107,29.11717701,31.62710018,64.88700837,6.692604113,79.79282807
Black Gram (Urd Beans)(Whole),Green Gram (Moong)(Whole),20.31413418,56.94194147,26.14276471,25.1507724,66.99289059,6.730668955,72.11325766
Black Gram (Urd Beans)(Whole),Green Gram (Moong)(Whole),45.43454121,57.26017034,29.73878292,33.72384431,69.38424588,7.362268778,70.9780332
Black Gram (Urd Beans)(Whole),Green Gram (Moong)(Whole),46.66561739,51.62165706,17.2228057,28.56540127,69.27026525,7.374343843,60.83389274
Black Gram (Urd Beans)(Whole),Green Gram (Moong)(Whole),49.41456889,58.53454828,15.84379969,33.38544622,61.30975819,6.838115091,76.69543572
Black Gram (Urd Beans)(Whole),Green Gram (Moong)(Whole),45.90261984,65.63488939,24.37793746,26.4889506,67.68930573,7.051857959,76.3743241
Black Gram (Urd Beans)(Whole),Green Gram (Moong)(Whole),29.23979578,67.81335439,29.14537515,31.33695203,69.68907438,7.072383182,68.4455731
Black Gram (Urd Beans)(Whole),Green Gram (Moong)(Whole),23.15100474,57.95431461,27.42270827,27.94017469,66.2690362,6.730182253,73.3348946
Black Gram (Urd Beans)(Whole),Green Gram (Moong)(Whole),46.52602988,67.02063374,24.75677972,26.79484665,68.35583694,6.567644921,63.9121482
Black Gram (Urd Beans)(Whole),Green Gram (Moong)(Whole),22.31506405,61.85282733,25.27840788,31.02723159,68.96288957,6.987056552,60.80163274
Black Gram (Urd Beans)(Whole),Green Gram (Moong)(Whole),42.06994224,54.39347329,18.21599106,27.22415565,62.57685766,6.832699636,68.30594154
Black Gram (Urd Beans)(Whole),Green Gram (Moong)(Whole),38.74426048,51.77719554,24.14399524,30.24218019,65.21133936,6.857101341,65.64056485
Black Gram (Urd Beans)(Whole),Green Gram (Moong)(Whole),22.29759074,56.02936695,25.51636331,28.72564888,64.70068385,6.623375846,77.46007043
Black Gram (Urd Beans)(Whole),Green Gram (Moong)(Whole),32.88472436,73.45725758,16.43120785,29.32320812,66.84933259,6.64701267,63.20057489
Black Gram (Urd Beans)(Whole),Green Gram (Moong)(Whole),25.25909698,68.56967291,22.74745068,26.64308729,69.32292057,6.866679608,75.20098526
Black Gram (Urd Beans)(Whole),Green Gram (Moong)(Whole),37.59998084,53.11632019,28.69646442,26.74561208,62.81449568,7.084896822,76.51733307
Black Gram (Urd Beans)(Whole),Pegeon Pea (Arhar Fali),34.37027012,79.10164291,19.12372428,28.26567439,59.41851521,7.321965717,72.81149406
Black Gram (Urd Beans)(Whole),Pegeon Pea (Arhar Fali),54.17081969,64.15620574,23.70552909,29.25841783,63.34927135,7.093360146,73.52588095
Black Gram (Urd Beans)(Whole),Pegeon Pea (Arhar Fali),33.86210809,76.86430457,17.58564347,31.90150055,66.78217266,7.615348856,65.31108832
Black Gram (Urd Beans)(Whole),Pegeon Pea (Arhar Fali),54.97642603,71.24714148,15.77808107,25.30921538,65.15383983,7.27973909,66.54788652
Black Gram (Urd Beans)(Whole),Pegeon Pea (Arhar Fali),25.41586766,77.02432819,20.21006093,34.801071,65.37934526,7.648293873,69.39751983
Black Gram (Urd Beans)(Whole),Pegeon Pea (Arhar Fali),33.33369059,74.73763131,18.83732747,27.77831768,58.09817313,7.719851852,81.77993912
Black Gram (Urd Beans)(Whole),Pegeon Pea (Arhar Fali),47.18521057,74.47116146,16.7178663,26.86788995,56.85847046,6.696895325,64.50342311
Black Gram (Urd Beans)(Whole),Pegeon Pea (Arhar Fali),32.2134841,66.40038138,23.81242226,27.54017246,62.95461146,7.373892587,76.76495453
Black Gram (Urd Beans)(Whole),Pegeon Pea (Arhar Fali),30.3695513,71.77068715,15.73809754,27.53821184,64.26027108,7.580992825,65.04127847
Black Gram (Urd Beans)(Whole),Pegeon Pea (Arhar Fali),50.17253858,63.81085415,22.50506255,31.33582559,64.08865371,6.875886756,68.83939739
Black Gram (Urd Beans)(Whole),Pegeon Pea (Arhar Fali),27.95830514,70.64859233,16.72982779,26.29316352,64.93940572,6.917759517,71.41401799
Black Gram (Urd Beans)(Whole),Pegeon Pea (Arhar Fali),27.89020808,79.42472353,20.11432781,28.6758574,59.91510351,6.917466807,82.58238546
Black Gram (Urd Beans)(Whole),Pegeon Pea (Arhar Fali),40.45966138,77.28763913,21.72704577,32.80675969,64.21237865,7.064764251,71.96238504
Black Gram (Urd Beans)(Whole),Pegeon Pea (Arhar Fali),49.22793524,74.73767826,20.2496845,29.29673341,62.49266154,7.457944697,61.75869061
Black Gram (Urd Beans)(Whole),Pegeon Pea (Arhar Fali),59.26462619,51.78684341,24.71384612,31.39421764,68.40407005,6.989163415,72.26759523
Black Gram (Urd Beans)(Whole),Pegeon Pea (Arhar Fali),33.62771914,57.40251869,20.19676657,33.85233978,59.87314359,7.384100891,63.34798463
Black Gram (Urd Beans)(Whole),Pegeon Pea (Arhar Fali),48.24838642,71.96695173,20.1329637,31.38616225,62.05272709,7.392782182,83.67974197
Black Gram (Urd Beans)(Whole),Pegeon Pea (Arhar Fali),27.58252786,71.01565937,22.66390212,26.29388152,68.59160642,6.740967411,60.26303161
Black Gram (Urd Beans)(Whole),Pegeon Pea (Arhar Fali),54.94577142,61.59495534,24.33226149,34.92337316,69.00065594,6.551222072,70.45499617
Black Gram (Urd Beans)(Whole),Pegeon Pea (Arhar Fali),30.79260715,75.06891717,17.20988271,30.23309019,65.06853874,7.799856049,71.30463901
Black Gram (Urd Beans)(Whole),Pegeon Pea (Arhar Fali),35.47901404,68.38182342,15.50530072,34.0975814,65.75467191,7.054765124,65.58432097
Black Gram (Urd Beans)(Whole),Pegeon Pea (Arhar Fali),40.08973867,51.23726789,18.11461293,26.27312224,67.33836829,7.457711941,83.96737498
Black Gram (Urd Beans)(Whole),Pegeon Pea (Arhar Fali),36.69702309,63.54669679,19.83091896,29.3224534,59.20543304,7.304747979,84.11311031
Black Gram (Urd Beans)(Whole),Pegeon Pea (Arhar Fali),51.73101681,59.52694125,24.13642598,30.11573094,60.08510688,7.216005854,79.1005286
Black Gram (Urd Beans)(Whole),Pegeon Pea (Arhar Fali),57.10142171,51.15920283,18.27924466,32.19910305,65.34388609,7.423578621,78.67015402
Black Gram (Urd Beans)(Whole),Pegeon Pea (Arhar Fali),56.04766556,73.70331402,18.92700393,34.95758333,66.18464062,7.311892614,70.1048422
Black Gram (Urd Beans)(Whole),Pegeon Pea (Arhar Fali),36.62939408,66.90290943,18.98708354,25.32755604,57.81177708,6.947722151,64.56456811
Black Gram (Urd Beans)(Whole),Pegeon Pea (Arhar Fali),45.16896694,65.51605706,15.54501136,26.13285544,68.72462864,7.59340627,71.13086772
Black Gram (Urd Beans)(Whole),Pegeon Pea (Arhar Fali),28.68463516,51.62344556,21.65287035,34.80262795,64.06478858,7.143362189,67.94339597
Black Gram (Urd Beans)(Whole),Pegeon Pea (Arhar Fali),48.81519642,63.82126465,23.74996634,25.95240044,69.33966331,6.594539019,69.46000273
Black Gram (Urd Beans)(Whole),Pegeon Pea (Arhar Fali),35.91822361,79.28165091,19.03756182,34.52904022,56.80590998,7.327020932,74.63962529
Black Gram (Urd Beans)(Whole),Pegeon Pea (Arhar Fali),57.19159343,64.25575172,21.06347685,26.00258928,56.71879071,7.271581302,62.52855878
Black Gram (Urd Beans)(Whole),Pegeon Pea (Arhar Fali),52.40551448,69.53587954,15.00496993,28.21169296,61.09740464,6.570577112,81.80429404
Black Gram (Urd Beans)(Whole),Pegeon Pea (Arhar Fali),32.19849114,75.92460165,24.69845555,27.56096631,56.73870589,7.273186018,74.43366316
Black Gram (Urd Beans)(Whole),Pegeon Pea (Arhar Fali),40.74373056,57.96694775,16.66297658,30.25143382,59.00847962,6.541353054,60.62444361
Black Gram (Urd Beans)(Whole),Pegeon Pea (Arhar Fali),45.77117682,71.40460862,15.76726292,29.31215649,66.66647394,6.789403013,60.97423605
Black Gram (Urd Beans)(Whole),Pegeon Pea (Arhar Fali),56.28918454,74.32129941,24.4992131,30.46912103,62.66508649,7.757309794,82.85714067
Black Gram (Urd Beans)(Whole),Pegeon Pea (Arhar Fali),52.721482,70.06021441,20.00421761,33.7186137,55.16985289,7.169321668,66.61995344
Black Gram (Urd Beans)(Whole),Pegeon Pea (Arhar Fali),37.85245336,75.17582913,17.22019492,30.6845543,55.76126684,6.935132812,83.29153487
Black Gram (Urd Beans)(Whole),Pegeon Pea (Arhar Fali),45.18596291,71.07970323,22.65905519,29.5846201,64.24490113,7.32246163,65.82865909
Black Gram (Urd Beans)(Whole),Pegeon Pea (Arhar Fali),53.71478894,64.8506555,15.59934969,34.2958074,61.34960343,7.524682113,62.68348895
Black Gram (Urd Beans)(Whole),Pegeon Pea (Arhar Fali),53.05636867,67.63135944,22.81785627,26.12986293,58.31448602,7.799554895,60.5007622
Black Gram (Urd Beans)(Whole),Pegeon Pea (Arhar Fali),55.91206488,57.84088233,23.8247045,26.0047541,64.08874011,7.090905551,71.21315628
Black Gram (Urd Beans)(Whole),Pegeon Pea (Arhar Fali),34.0751818,62.34556801,15.80263591,30.69321171,57.36763314,6.710552016,67.89000438
Black Gram (Urd Beans)(Whole),Pegeon Pea (Arhar Fali),43.10978772,75.95557009,23.17408556,34.32809368,68.58472033,7.381602292,66.9027739
Black Gram (Urd Beans)(Whole),Pegeon Pea (Arhar Fali),31.88819871,73.12129709,22.96185031,34.65869767,66.90211883,6.528859668,82.83623024
Black Gram (Urd Beans)(Whole),Pegeon Pea (Arhar Fali),29.15654545,68.9694679,17.8514438,34.01435075,69.91337633,6.974891171,81.33279461
Black Gram (Urd Beans)(Whole),Pegeon Pea (Arhar Fali),50.69690808,75.32176606,16.58973549,25.38682577,63.61351018,7.061325922,77.97430216
Black Gram (Urd Beans)(Whole),Pegeon Pea (Arhar Fali),31.8370236,55.76625932,20.67461378,32.27847706,65.84339905,7.230905896,75.47354044
Black Gram (Urd Beans)(Whole),Pegeon Pea (Arhar Fali),39.22239282,57.888402,22.48096173,26.20862808,59.82268016,6.562096895,69.94947233
Black Gram (Urd Beans)(Whole),Pegeon Pea (Arhar Fali),36.05774203,74.45766954,17.67514983,26.40839785,67.75258867,7.246777225,62.23905378
Black Gram (Urd Beans)(Whole),Pegeon Pea (Arhar Fali),47.74626368,70.44168936,21.37272046,32.9500114,68.26636305,6.961699295,60.45175586
Black Gram (Urd Beans)(Whole),Pegeon Pea (Arhar Fali),40.73819459,54.42644046,16.80233439,26.03613582,65.29211849,7.117984491,83.39927759
Black Gram (Urd Beans)(Whole),Pegeon Pea (Arhar Fali),32.46895441,50.95369108,15.13195081,33.03772464,63.95111166,7.483265371,83.1674384
Black Gram (Urd Beans)(Whole),Pegeon Pea (Arhar Fali),51.25022403,73.3237993,20.86184982,28.33440471,65.09294419,7.503722042,68.71902378
Black Gram (Urd Beans)(Whole),Pegeon Pea (Arhar Fali),36.08113238,55.9296521,18.20341012,33.88437822,64.35473829,6.870019264,78.82574202
Black Gram (Urd Beans)(Whole),Pegeon Pea (Arhar Fali),38.37242354,52.51214272,17.02550335,34.25079176,58.64119101,7.282348627,77.21433382
Black Gram (Urd Beans)(Whole),Pegeon Pea (Arhar Fali),33.90561522,75.35751231,18.10098152,31.49321168,59.81793025,6.588305155,73.83116868
Black Gram (Urd Beans)(Whole),Pegeon Pea (Arhar Fali),42.23177567,64.67746424,23.69910923,27.5452625,64.57157702,7.465331728,64.88333388
Black Gram (Urd Beans)(Whole),Pegeon Pea (Arhar Fali),52.54099188,53.87403108,16.72074336,33.67456563,62.25867492,7.029165729,70.92006401
Black Gram (Urd Beans)(Whole),Pegeon Pea (Arhar Fali),50.74196504,73.79166035,18.24002181,31.94263948,66.27486464,7.5315505,73.90433982
Black Gram (Urd Beans)(Whole),Pegeon Pea (Arhar Fali),39.67481934,57.61493732,16.04217557,33.42145898,67.38407464,6.777416574,70.824667
Black Gram (Urd Beans)(Whole),Pegeon Pea (Arhar Fali),43.65126185,77.39008438,16.52786449,29.60636861,60.69429625,6.995545636,69.12407417
Black Gram (Urd Beans)(Whole),Pegeon Pea (Arhar Fali),46.73439644,56.0732388,19.26124435,29.89199496,64.47575616,6.610159799,69.45499325
Black Gram (Urd Beans)(Whole),Pegeon Pea (Arhar Fali),29.75102023,63.53182646,21.87668298,25.63439975,61.35709717,7.292452244,73.77627394
Black Gram (Urd Beans)(Whole),Pegeon Pea (Arhar Fali),59.44699163,60.60598266,22.45818505,32.70655308,59.67368989,7.363468833,73.91698157
Black Gram (Urd Beans)(Whole),Pegeon Pea (Arhar Fali),42.87468054,58.11460643,18.68915019,25.74832169,66.92811471,6.556164331,75.11245577
Black Gram (Urd Beans)(Whole),Pegeon Pea (Arhar Fali),31.08064785,73.27397321,17.28490484,28.23838668,69.36140225,7.274962986,74.27052271
Black Gram (Urd Beans)(Whole),Pegeon Pea (Arhar Fali),42.12564957,61.80910751,21.52460745,33.27313549,55.00702394,7.391778974,64.54132694
Black Gram (Urd Beans)(Whole),Pegeon Pea (Arhar Fali),33.78658717,73.41501184,21.00743668,32.01554523,62.92378539,7.6900353,78.40657518
Black Gram (Urd Beans)(Whole),Pegeon Pea (Arhar Fali),29.05057469,68.87575572,21.72549266,30.47023731,64.84726657,7.641818496,68.08604741
Black Gram (Urd Beans)(Whole),Pegeon Pea (Arhar Fali),51.98643577,64.38988761,15.97104252,29.49976501,66.26529266,7.127961359,70.43698372
Black Gram (Urd Beans)(Whole),Pegeon Pea (Arhar Fali),30.24131804,56.51928303,15.3134595,26.98482627,67.06622771,6.760396687,69.27215597
Black Gram (Urd Beans)(Whole),Pegeon Pea (Arhar Fali),53.35412315,55.65381561,20.09802594,32.74501195,61.47966282,7.305550459,77.62113955
Black Gram (Urd Beans)(Whole),Pegeon Pea (Arhar Fali),40.25477792,77.12304228,15.76856714,28.36319109,67.517719,6.989008679,72.86373425
Black Gram (Urd Beans)(Whole),Pegeon Pea (Arhar Fali),55.87088554,64.79578325,24.20552131,29.57629928,69.19383842,6.904287642,77.35186575
Black Gram (Urd Beans)(Whole),Pegeon Pea (Arhar Fali),41.66960649,55.55836942,16.37158733,26.11435197,56.74135716,6.674734092,71.6175757
Black Gram (Urd Beans)(Whole),Pegeon Pea (Arhar Fali),39.66220468,64.56042936,18.30427761,27.43520137,64.10014758,6.663796342,62.83682079
Black Gram (Urd Beans)(Whole),Pegeon Pea (Arhar Fali),35.54405079,77.65577714,18.89100249,26.84666484,61.46566525,7.719899496,73.10081406
Black Gram (Urd Beans)(Whole),Pegeon Pea (Arhar Fali),59.49717734,67.51363284,21.5276193,33.05383167,62.27579747,6.691361021,80.80419828
Black Gram (Urd Beans)(Whole),Pegeon Pea (Arhar Fali),27.96567936,75.67021323,15.80950071,25.76293562,67.2870106,7.26204352,74.29179058
Black Gram (Urd Beans)(Whole),Pegeon Pea (Arhar Fali),26.64859671,73.53971037,17.34312718,30.25206827,69.30912887,7.130551046,84.10196832
Black Gram (Urd Beans)(Whole),Pegeon Pea (Arhar Fali),50.10263242,78.72552443,22.86258794,34.32318979,59.32722924,7.655677374,62.62871173
Black Gram (Urd Beans)(Whole),Pegeon Pea (Arhar Fali),51.41601882,60.84962926,17.94427167,27.88832584,69.61387799,7.630890947,66.10004786
Black Gram (Urd Beans)(Whole),Pegeon Pea (Arhar Fali),36.45747257,61.58625259,24.70869299,32.8533913,61.00417866,6.769528941,63.00079821
Black Gram (Urd Beans)(Whole),Pegeon Pea (Arhar Fali),26.32911365,67.70138278,16.01992867,25.81758712,61.28346273,7.576194507,75.29977902
Black Gram (Urd Beans)(Whole),Pegeon Pea (Arhar Fali),52.7390964,66.38352535,24.36047822,27.44202095,56.01853341,7.170511585,83.7997014
Black Gram (Urd Beans)(Whole),Pegeon Pea (Arhar Fali),48.63635496,67.81441583,17.08241312,31.21269461,63.67619935,7.229521108,80.34859751
Black Gram (Urd Beans)(Whole),Pegeon Pea (Arhar Fali),29.26403652,61.47657203,22.96372686,28.98694626,64.64884674,7.075102222,73.46243129
Black Gram (Urd Beans)(Whole),Pegeon Pea (Arhar Fali),32.08787567,66.82359193,15.38005265,28.94863651,62.66478872,6.597330553,75.36659838
Black Gram (Urd Beans)(Whole),Pegeon Pea (Arhar Fali),36.82621285,57.28402661,22.75908334,27.76404439,62.76626969,6.793433632,68.46249835
Black Gram (Urd Beans)(Whole),Pegeon Pea (Arhar Fali),43.66935054,50.59014443,17.81624947,26.71936032,61.714346,6.730613617,62.99295123
Black Gram (Urd Beans)(Whole),Pegeon Pea (Arhar Fali),38.78496006,70.97020831,17.87437385,30.0409722,60.42173168,7.573525429,66.01149469
Black Gram (Urd Beans)(Whole),Pegeon Pea (Arhar Fali),28.05998014,74.24569443,17.33445768,33.31594805,66.19978995,7.474293524,82.81114042
Black Gram (Urd Beans)(Whole),Pegeon Pea (Arhar Fali),53.2804658,79.80785609,22.73530578,34.72014763,66.06255809,7.346660172,73.92005538
Black Gram (Urd Beans)(Whole),Pegeon Pea (Arhar Fali),48.71582375,71.16982188,15.36513111,30.95648724,67.66041443,6.79609373,68.42874667
Black Gram (Urd Beans)(Whole),Pegeon Pea (Arhar Fali),55.51660436,78.21878452,22.10813427,31.8829611,68.51431006,7.179619676,66.43074049
Black Gram (Urd Beans)(Whole),Pegeon Pea (Arhar Fali),27.30571763,71.6364567,21.59144164,29.43218919,57.39605409,7.01820669,84.60923466
Black Gram (Urd Beans)(Whole),Pegeon Pea (Arhar Fali),43.10272911,58.89264904,21.52672228,30.67367544,64.14787073,7.752079331,73.3553719
Black Gram (Urd Beans)(Whole),Pegeon Pea (Arhar Fali),26.77596047,73.8542563,21.36723858,27.7209979,57.58837973,6.546410543,84.10265732
Black Gram (Urd Beans)(Whole),Kabuli Channa(Chickpeas-White),27.87710711,65.48264174,22.94599275,25.86331267,61.38742997,7.388188248,59.76874801
Black Gram (Urd Beans)(Whole),Kabuli Channa(Chickpeas-White),22.87102802,57.13301245,27.15055118,25.04081701,63.21175008,7.200595244,64.96056712
Black Gram (Urd Beans)(Whole),Kabuli Channa(Chickpeas-White),40.31269241,67.8148634,21.21176119,26.59858886,67.7024495,6.608589623,70.78027835
Black Gram (Urd Beans)(Whole),Kabuli Channa(Chickpeas-White),41.66308015,55.44216413,26.55043994,31.01869435,66.35964348,7.136322964,68.34464136
Black Gram (Urd Beans)(Whole),Kabuli Channa(Chickpeas-White),37.25371532,73.24079169,23.82033451,31.94710123,61.8373801,6.771844624,60.59559287
Black Gram (Urd Beans)(Whole),Kabuli Channa(Chickpeas-White),45.8448623,58.55360056,29.7699981,30.2360827,61.58608982,7.111385985,62.0779764
Black Gram (Urd Beans)(Whole),Kabuli Channa(Chickpeas-White),33.97314001,56.57492902,25.40406094,31.30460294,69.66477522,6.840157722,68.48952193
Black Gram (Urd Beans)(Whole),Kabuli Channa(Chickpeas-White),23.24396782,68.48241509,26.64527862,33.57616082,62.61012867,6.602932375,72.62414289
Black Gram (Urd Beans)(Whole),Kabuli Channa(Chickpeas-White),49.83001635,65.73476442,24.77358536,28.56352943,62.92439438,7.179100779,56.302939
Black Gram (Urd Beans)(Whole),Kabuli Channa(Chickpeas-White),35.8950939,57.0607599,23.63123653,26.13485715,62.82942074,6.949552389,65.69528156
Black Gram (Urd Beans)(Whole),Kabuli Channa(Chickpeas-White),28.42479261,66.54566516,25.22777755,27.04745099,62.47042152,7.289343002,72.04790418
Black Gram (Urd Beans)(Whole),Kabuli Channa(Chickpeas-White),30.96133156,70.41246143,21.78683979,28.50054992,62.68085246,7.43596512,66.31392755
Black Gram (Urd Beans)(Whole),Kabuli Channa(Chickpeas-White),42.71869986,55.32416662,22.91738927,26.31406027,66.06622163,7.077594853,58.57161211
Black Gram (Urd Beans)(Whole),Kabuli Channa(Chickpeas-White),32.91859257,60.41823734,21.36164103,30.07136076,64.84613356,7.262181696,72.67534319
Black Gram (Urd Beans)(Whole),Kabuli Channa(Chickpeas-White),27.89007512,66.4839514,29.05239335,30.67061001,63.32836586,7.099838784,74.51548866
Black Gram (Urd Beans)(Whole),Kabuli Channa(Chickpeas-White),22.79266019,55.79526373,21.52943682,31.51665275,63.27902506,6.595708912,72.01160198
Black Gram (Urd Beans)(Whole),Kabuli Channa(Chickpeas-White),44.55527716,70.41150342,25.99675048,27.73690528,68.49909838,7.401448729,71.14514867
Black Gram (Urd Beans)(Whole),Kabuli Channa(Chickpeas-White),24.13513224,62.04669991,21.48649411,31.22019246,67.13258362,6.831900601,73.31707516
Black Gram (Urd Beans)(Whole),Kabuli Channa(Chickpeas-White),27.85413038,57.52952596,25.30155676,24.91994888,60.36189449,7.1326157,59.71317732
Black Gram (Urd Beans)(Whole),Kabuli Channa(Chickpeas-White),46.57159114,57.7330652,21.6886136,24.67983662,61.79669412,6.709525309,66.38912211
Black Gram (Urd Beans)(Whole),Kabuli Channa(Chickpeas-White),34.71413984,71.02778361,24.95777304,31.83766981,68.41755996,6.983128314,70.54348281
Black Gram (Urd Beans)(Whole),Kabuli Channa(Chickpeas-White),47.20520809,70.48616103,22.46991936,26.79688362,65.41814553,6.914718261,73.62943391
Black Gram (Urd Beans)(Whole),Kabuli Channa(Chickpeas-White),30.92409063,65.41610483,28.1676889,31.99047156,65.976186,7.357754446,68.816159
Black Gram (Urd Beans)(Whole),Kabuli Channa(Chickpeas-White),20.75766345,72.76617892,28.74588821,28.9135303,66.63709897,6.628999715,66.24834181
Black Gram (Urd Beans)(Whole),Kabuli Channa(Chickpeas-White),26.95430333,59.51089216,26.33682254,27.76601446,61.67637355,6.770109977,69.91578308
Black Gram (Urd Beans)(Whole),Kabuli Channa(Chickpeas-White),35.30537985,55.82505507,29.61494291,33.87685118,67.89108732,6.627905758,70.52233962
Black Gram (Urd Beans)(Whole),Kabuli Channa(Chickpeas-White),25.81692652,69.314429,25.99532734,25.52931708,67.7437799,7.275591028,73.41473667
Black Gram (Urd Beans)(Whole),Kabuli Channa(Chickpeas-White),23.88787883,58.93448379,23.69031484,25.44426904,63.25757717,6.650691504,62.87292381
Black Gram (Urd Beans)(Whole),Kabuli Channa(Chickpeas-White),43.79537859,71.50459901,25.07073619,25.49951898,66.09384963,7.350110432,64.73011894
Black Gram (Urd Beans)(Whole),Kabuli Channa(Chickpeas-White),23.08096563,62.56405472,20.5568924,24.14700477,62.92325474,7.054404977,56.42276422
Black Gram (Urd Beans)(Whole),Kabuli Channa(Chickpeas-White),47.26301661,59.80786425,28.36565202,33.82376878,63.96147238,6.573040961,66.55516391
Black Gram (Urd Beans)(Whole),Kabuli Channa(Chickpeas-White),21.55977992,58.42173579,27.91043212,26.48912573,67.39628398,6.94171811,71.85024345
Black Gram (Urd Beans)(Whole),Kabuli Channa(Chickpeas-White),37.3362437,68.49746875,29.30049183,33.9260913,60.10796689,6.542565836,60.98145193
Black Gram (Urd Beans)(Whole),Kabuli Channa(Chickpeas-White),46.3034201,62.66474471,25.8708237,32.14273324,65.49687083,7.075961375,55.1395259
Black Gram (Urd Beans)(Whole),Kabuli Channa(Chickpeas-White),27.06080604,67.34408929,23.83568977,26.82959654,62.29458695,6.697658295,67.72394896
Black Gram (Urd Beans)(Whole),Kabuli Channa(Chickpeas-White),24.56245911,73.90968839,28.47754378,25.61194873,60.12141623,6.813052637,73.93952434
Black Gram (Urd Beans)(Whole),Kabuli Channa(Chickpeas-White),43.77848229,57.54796008,20.89800066,31.12083903,62.94107924,7.045728209,62.05823724
Black Gram (Urd Beans)(Whole),Kabuli Channa(Chickpeas-White),31.02912054,57.51687579,22.72432727,32.32288088,60.87029713,6.87003269,56.3907245
Black Gram (Urd Beans)(Whole),Kabuli Channa(Chickpeas-White),25.2266092,59.99118238,29.24117896,28.20703103,62.26678684,7.16529858,74.87952704
Black Gram (Urd Beans)(Whole),Kabuli Channa(Chickpeas-White),37.48489058,57.53201429,29.21769093,26.80148495,67.23539203,7.012142192,66.20214744
Black Gram (Urd Beans)(Whole),Kabuli Channa(Chickpeas-White),49.48121093,66.58232076,25.11120904,30.93431333,68.96208733,6.964654006,58.26686713
Black Gram (Urd Beans)(Whole),Kabuli Channa(Chickpeas-White),43.89104399,60.43707803,20.16728606,31.1389266,68.95902268,6.534593874,56.90793749
Black Gram (Urd Beans)(Whole),Kabuli Channa(Chickpeas-White),33.81348842,58.23377545,27.99372879,29.6658257,60.42192696,6.617414288,63.20908809
Black Gram (Urd Beans)(Whole),Kabuli Channa(Chickpeas-White),26.88988282,56.3335494,21.91353872,32.45749366,66.66495135,7.018137236,70.29084625
Black Gram (Urd Beans)(Whole),Kabuli Channa(Chickpeas-White),42.66693408,64.59220755,23.77868633,25.4414042,68.07202723,7.413755038,63.47245632
Black Gram (Urd Beans)(Whole),Kabuli Channa(Chickpeas-White),26.23966154,71.83692256,23.13815564,28.40540307,60.653937,6.789245574,61.53172659
Black Gram (Urd Beans)(Whole),Kabuli Channa(Chickpeas-White),47.59125806,60.34817888,23.05693422,32.14785529,61.82374438,6.673695348,72.54170194
Black Gram (Urd Beans)(Whole),Kabuli Channa(Chickpeas-White),35.76448273,58.46078679,27.18416515,25.00940326,65.21976472,6.546657329,66.26394848
Black Gram (Urd Beans)(Whole),Kabuli Channa(Chickpeas-White),24.58964434,64.83679697,21.05428662,29.16342713,61.74260232,6.982351412,57.28071583
Black Gram (Urd Beans)(Whole),Kabuli Channa(Chickpeas-White),48.43904498,62.91812079,25.0747846,27.36917005,69.93242583,7.006845795,58.35112949
Black Gram (Urd Beans)(Whole),Kabuli Channa(Chickpeas-White),22.52370865,66.64033061,23.15698701,33.23501577,66.50674502,6.514349876,60.86467574
Black Gram (Urd Beans)(Whole),Kabuli Channa(Chickpeas-White),48.22408681,56.41009729,20.4458301,26.09051828,65.95463383,6.672746711,70.05526294
Black Gram (Urd Beans)(Whole),Kabuli Channa(Chickpeas-White),34.55659712,74.96108651,20.39741725,31.38610047,69.85126752,7.054826374,67.38307149
Black Gram (Urd Beans)(Whole),Kabuli Channa(Chickpeas-White),24.79853656,62.69318009,25.15549098,29.77961362,60.85220659,7.268727114,59.88273129
Black Gram (Urd Beans)(Whole),Kabuli Channa(Chickpeas-White),39.10568181,66.05917915,27.72128748,26.97880922,66.06901176,7.06958532,55.96345471
Black Gram (Urd Beans)(Whole),Kabuli Channa(Chickpeas-White),21.76327154,57.58776946,23.5015856,30.19859913,65.01582831,7.455298287,74.69148837
Black Gram (Urd Beans)(Whole),Kabuli Channa(Chickpeas-White),22.74735513,58.11637304,29.29784952,24.64881796,60.60199501,7.172847435,70.02764544
Black Gram (Urd Beans)(Whole),Kabuli Channa(Chickpeas-White),34.34593235,72.00665532,29.5359089,31.2429677,61.52904303,6.686291104,73.30463871
Black Gram (Urd Beans)(Whole),Kabuli Channa(Chickpeas-White),46.47461322,65.56383212,28.46607821,30.8929373,66.90437331,6.891713936,67.59540657
Black Gram (Urd Beans)(Whole),Kabuli Channa(Chickpeas-White),46.67329898,72.43132001,22.31768858,27.5159906,67.74177981,7.301839746,55.3516847
Black Gram (Urd Beans)(Whole),Kabuli Channa(Chickpeas-White),29.2240044,71.92330775,27.44311167,27.62358591,66.81434853,7.399659657,66.69290455
Black Gram (Urd Beans)(Whole),Kabuli Channa(Chickpeas-White),38.69313627,69.92494568,21.69045961,31.50927326,69.69336593,7.248122156,65.06614829
Black Gram (Urd Beans)(Whole),Kabuli Channa(Chickpeas-White),23.83199924,68.84827979,22.94067008,26.53068821,68.19361148,7.037474649,69.31290826
Black Gram (Urd Beans)(Whole),Kabuli Channa(Chickpeas-White),26.89826789,61.53962223,26.75230146,33.81783785,66.37465498,7.328732638,69.98815465
Black Gram (Urd Beans)(Whole),Kabuli Channa(Chickpeas-White),49.70533385,74.09299299,28.14112773,29.02066355,68.40823525,7.035769719,74.73300682
Black Gram (Urd Beans)(Whole),Kabuli Channa(Chickpeas-White),33.25372215,58.82852352,25.61395956,32.10115663,63.88587685,7.325979757,57.22301231
Black Gram (Urd Beans)(Whole),Kabuli Channa(Chickpeas-White),40.00926534,59.41555855,26.5227266,29.69779502,61.95757071,6.539731123,60.37083342
Black Gram (Urd Beans)(Whole),Kabuli Channa(Chickpeas-White),20.84288188,58.77318553,26.68077146,27.69792389,68.10508155,7.240672962,60.95333202
Black Gram (Urd Beans)(Whole),Kabuli Channa(Chickpeas-White),35.50759924,73.32874891,28.71316373,26.87128282,69.61483105,7.069245349,74.26023562
Black Gram (Urd Beans)(Whole),Kabuli Channa(Chickpeas-White),30.27528447,66.76702302,23.68813209,29.19594637,67.47263296,7.205657492,66.34834922
Black Gram (Urd Beans)(Whole),Kabuli Channa(Chickpeas-White),31.14660721,65.88944666,29.84990827,28.91360528,62.83175067,7.497524034,69.63492786
Black Gram (Urd Beans)(Whole),Kabuli Channa(Chickpeas-White),48.63318511,61.17857563,20.7362473,32.37462011,60.958495,7.064094152,74.07554869
Black Gram (Urd Beans)(Whole),Kabuli Channa(Chickpeas-White),22.75580737,55.08397084,25.6281861,24.47666619,65.34286963,6.678841754,69.45999364
Black Gram (Urd Beans)(Whole),Kabuli Channa(Chickpeas-White),40.71133533,74.05282063,20.93970432,26.67037062,69.75596856,7.114889258,71.28171829
Black Gram (Urd Beans)(Whole),Kabuli Channa(Chickpeas-White),25.59069744,63.42352618,25.66583114,25.01412838,61.72345198,7.116051862,65.99765724
Black Gram (Urd Beans)(Whole),Kabuli Channa(Chickpeas-White),36.07907644,61.56172857,25.34981348,31.86913142,62.00650226,7.205381588,74.18798214
Black Gram (Urd Beans)(Whole),Kabuli Channa(Chickpeas-White),22.84978764,74.69535384,27.11444977,31.97972996,63.55363629,7.285245346,62.44886442
Black Gram (Urd Beans)(Whole),Kabuli Channa(Chickpeas-White),36.45899809,71.79174717,26.98964724,26.49929391,69.08888136,7.328432074,58.29957518
Black Gram (Urd Beans)(Whole),Kabuli Channa(Chickpeas-White),45.63172804,71.4679937,20.61514732,31.57486455,65.32781212,6.708217965,62.48584038
Black Gram (Urd Beans)(Whole),Kabuli Channa(Chickpeas-White),48.74448582,61.93654632,25.31880472,30.58169994,62.83248698,6.854102863,62.58186693
Black Gram (Urd Beans)(Whole),Kabuli Channa(Chickpeas-White),22.2009752,69.52718601,26.17188426,25.93315927,68.00837277,6.516511346,62.20246844
Black Gram (Urd Beans)(Whole),Kabuli Channa(Chickpeas-White),28.20063234,73.88545842,23.95217308,29.84710627,61.5559586,7.438977182,61.97691933
Black Gram (Urd Beans)(Whole),Kabuli Channa(Chickpeas-White),31.09134426,55.01951911,25.33769953,29.17590192,62.9244925,7.305114278,73.64670243
Black Gram (Urd Beans)(Whole),Kabuli Channa(Chickpeas-White),43.30532606,63.60308624,21.98893994,32.63642556,66.66566778,7.265497809,57.2776741
Black Gram (Urd Beans)(Whole),Kabuli Channa(Chickpeas-White),27.17495428,66.42480083,20.38265976,29.81448981,60.48681418,6.689551007,58.98614767
Black Gram (Urd Beans)(Whole),Kabuli Channa(Chickpeas-White),30.29581508,63.76481634,20.65391836,29.27048434,69.6708511,6.840194489,57.87632318
Black Gram (Urd Beans)(Whole),Kabuli Channa(Chickpeas-White),38.44457816,60.41513279,27.14018591,28.04225822,60.66532018,6.620579452,68.87795591
Black Gram (Urd Beans)(Whole),Kabuli Channa(Chickpeas-White),31.70517735,62.1375275,22.59869922,25.32577356,68.68167738,7.304830092,56.89747456
Black Gram (Urd Beans)(Whole),Kabuli Channa(Chickpeas-White),47.29820822,56.26544581,26.87835636,32.77406518,62.73186955,6.980087502,66.59238383
Black Gram (Urd Beans)(Whole),Kabuli Channa(Chickpeas-White),38.90989491,68.59834512,28.64308476,28.5081025,68.50213271,7.226455594,69.17558593
Black Gram (Urd Beans)(Whole),Kabuli Channa(Chickpeas-White),48.1833097,58.22905511,28.30704757,32.77648364,67.8163675,7.041453214,70.38692866
Black Gram (Urd Beans)(Whole),Kabuli Channa(Chickpeas-White),25.489727,62.89648675,29.28591668,26.37598055,66.78307342,6.502409579,55.4897928
Black Gram (Urd Beans)(Whole),Kabuli Channa(Chickpeas-White),32.71630549,66.67719122,23.71886717,33.72085662,62.46177995,6.801757296,56.05701435
Black Gram (Urd Beans)(Whole),Kabuli Channa(Chickpeas-White),26.46563151,70.37305817,25.11784562,26.8029483,69.75898282,7.112965161,58.27354108
Black Gram (Urd Beans)(Whole),Kabuli Channa(Chickpeas-White),21.05472608,66.60543463,26.73802415,33.3195556,61.78066398,6.838959226,68.84641409
Black Gram (Urd Beans)(Whole),Kabuli Channa(Chickpeas-White),29.51871695,73.65684461,26.71847402,28.81892181,61.28088539,7.189419205,63.82865626
Black Gram (Urd Beans)(Whole),Kabuli Channa(Chickpeas-White),49.5960663,72.39890763,26.44113719,27.4667305,67.47165926,6.688953187,64.14104868
Black Gram (Urd Beans)(Whole),Kabuli Channa(Chickpeas-White),38.42047487,69.74169824,24.41607462,33.642709,63.39931198,6.920450295,74.62327943
Black Gram (Urd Beans)(Whole),Kabuli Channa(Chickpeas-White),27.91204088,58.37012146,22.19593358,33.34149476,69.7031395,6.73591584,55.70649374
Black Gram (Urd Beans)(Whole),Kabuli Channa(Chickpeas-White),23.41788779,74.11655865,26.93867468,24.6281647,64.16876226,7.282816425,56.84248358
Black Gram (Urd Beans)(Whole),Groundnut,58.87206498,59.69377233,21.99583341,31.82860018,62.62620599,6.189835681,62.57239024
Black Gram (Urd Beans)(Whole),Groundnut,40.40642185,57.22945161,16.33113494,32.22145324,61.80926985,6.527227365,71.33072401
Black Gram (Urd Beans)(Whole),Groundnut,44.0209812,54.09810349,16.65050878,28.04101511,61.42130236,6.732833152,77.67203281
Black Gram (Urd Beans)(Whole),Groundnut,56.62073108,64.49946235,18.61208108,32.25357039,66.2988256,7.316755214,63.50717709
Black Gram (Urd Beans)(Whole),Groundnut,38.9605209,76.49945802,17.82789272,30.30354029,63.02888382,6.331675406,63.54240806
Black Gram (Urd Beans)(Whole),Groundnut,55.98109889,57.46767562,20.44328837,31.11943969,65.03396268,7.435844034,69.76403231
Black Gram (Urd Beans)(Whole),Groundnut,54.47296976,59.12201104,23.6100541,28.0982551,60.85383697,6.544646646,72.33221699
Black Gram (Urd Beans)(Whole),Groundnut,44.05360153,57.80589469,24.79394398,26.72304092,69.38316182,6.368453009,75.06909995
Black Gram (Urd Beans)(Whole),Groundnut,52.87964933,51.40652458,23.26591226,34.66123336,69.22036314,6.133105051,64.7724815
Black Gram (Urd Beans)(Whole),Groundnut,55.35126883,54.80083464,23.02699491,29.34813678,66.68423341,6.99509088,61.58940176
Black Gram (Urd Beans)(Whole),Groundnut,47.5123153,75.26472517,20.09115431,28.0288204,66.99825758,6.886487058,62.60788018
Black Gram (Urd Beans)(Whole),Groundnut,40.30052897,62.99126787,21.36105119,30.37926881,65.13869401,7.441435994,76.16729116
Black Gram (Urd Beans)(Whole),Groundnut,45.11938279,55.96632327,20.86674976,32.57006778,66.93274475,7.014632328,65.17558932
Black Gram (Urd Beans)(Whole),Groundnut,49.47137839,56.54368391,19.1967975,27.16321335,62.88186857,6.633125489,60.76493458
Black Gram (Urd Beans)(Whole),Groundnut,40.19064425,52.05809891,21.95938423,33.53152243,63.01383933,6.701218586,65.06028121
Black Gram (Urd Beans)(Whole),Groundnut,35.31258285,59.12719719,23.12542338,25.51325746,60.06404162,6.687754974,70.08416048
Black Gram (Urd Beans)(Whole),Groundnut,55.22409585,50.27982871,19.90417047,30.54326539,62.0010233,7.291285701,61.87236043
Black Gram (Urd Beans)(Whole),Groundnut,31.99502327,79.86786338,22.73634578,30.34080853,64.51224647,6.416959707,63.04213303
Black Gram (Urd Beans)(Whole),Groundnut,58.50515542,78.58526515,23.26516855,27.21277798,61.90384481,7.486118284,64.53877317
Black Gram (Urd Beans)(Whole),Groundnut,58.67435496,73.292681,16.90539508,34.94843757,64.88788261,6.912408968,75.50862669
Black Gram (Urd Beans)(Whole),Groundnut,57.35021473,71.49515743,15.90834776,32.07119654,68.68948476,6.859565274,68.28347901
Black Gram (Urd Beans)(Whole),Groundnut,42.79354275,50.78862375,20.90505768,28.40235247,66.08128962,6.115360748,79.07116119
Black Gram (Urd Beans)(Whole),Groundnut,56.58645248,52.66679209,18.21551987,29.63170535,64.45104948,6.653712614,71.69617511
Black Gram (Urd Beans)(Whole),Groundnut,43.55416528,62.52560233,24.13727087,27.88977258,69.18065691,6.004430688,77.68680418
Black Gram (Urd Beans)(Whole),Groundnut,55.20978561,70.7467179,24.59836154,33.82310261,67.82891158,6.056361569,79.30842853
Black Gram (Urd Beans)(Whole),Groundnut,34.07998863,60.56730421,15.87372042,34.50748839,65.21665292,6.18421054,62.30616414
Black Gram (Urd Beans)(Whole),Groundnut,25.24168187,51.05101417,19.89711939,30.76547824,64.23648793,6.664192044,61.51783685
Black Gram (Urd Beans)(Whole),Groundnut,50.2075769,59.89055637,15.47857198,32.31933024,60.34281345,6.416711627,64.65653675
Black Gram (Urd Beans)(Whole),Groundnut,50.80338974,62.79391722,18.45691345,32.46268431,66.33272955,6.230014004,72.82040536
Black Gram (Urd Beans)(Whole),Groundnut,37.37698955,59.39017524,16.98684911,27.10059347,60.73574053,7.447011112,62.89437541
Black Gram (Urd Beans)(Whole),Groundnut,36.35722548,69.34171985,16.7933757,27.61362348,62.56993721,7.186123347,68.71141211
Black Gram (Urd Beans)(Whole),Groundnut,36.66390451,71.64364984,18.86791858,32.44548049,60.28515748,7.368129737,75.29166774
Black Gram (Urd Beans)(Whole),Groundnut,39.06392346,77.60835599,16.69209514,33.307862,69.38340553,6.046851637,73.44812773
Black Gram (Urd Beans)(Whole),Groundnut,27.95369552,76.61477574,21.60323591,33.76734662,65.20497855,6.836322411,72.71889768
Black Gram (Urd Beans)(Whole),Groundnut,33.49137309,73.86036547,15.82321554,33.00977268,65.14100839,7.423293659,75.22836733
Black Gram (Urd Beans)(Whole),Groundnut,35.72517714,75.10961952,22.40564496,33.05192813,62.18879927,6.248867045,67.31911597
Black Gram (Urd Beans)(Whole),Groundnut,57.01085716,58.88990979,17.10682187,29.94695813,66.26006781,7.132340281,78.67293671
Black Gram (Urd Beans)(Whole),Groundnut,50.49218327,73.01083823,18.86701296,28.06867897,60.25196356,6.649495778,74.11701403
Black Gram (Urd Beans)(Whole),Groundnut,40.81596842,70.06273544,16.28209385,25.10300283,67.54185368,6.355667177,68.24924548
Black Gram (Urd Beans)(Whole),Groundnut,50.57082823,72.19170897,17.73190935,33.10034154,64.44475236,6.222057071,63.03691826
Black Gram (Urd Beans)(Whole),Groundnut,27.45773802,52.17098007,19.54229596,32.99092189,67.94794031,7.401384524,79.8711752
Black Gram (Urd Beans)(Whole),Groundnut,31.15156833,70.92910493,16.72221117,33.18057306,66.20736576,6.85945034,63.63039633
Black Gram (Urd Beans)(Whole),Groundnut,32.91154734,50.21924783,23.0581885,26.68411933,64.07927286,6.761392236,68.45170453
Black Gram (Urd Beans)(Whole),Groundnut,37.97012443,72.9316511,21.63024129,27.71577494,68.58667221,6.878051202,68.43510965
Black Gram (Urd Beans)(Whole),Groundnut,57.94152654,50.20496098,17.24858246,33.8205869,64.91339183,6.799842837,65.08989952
Black Gram (Urd Beans)(Whole),Groundnut,52.02999687,61.07045497,24.39902897,31.29613669,65.76468252,6.592581615,62.4186837
Black Gram (Urd Beans)(Whole),Groundnut,37.67195231,61.79582473,23.85014476,28.80148169,62.23765921,6.928218466,79.29516887
Black Gram (Urd Beans)(Whole),Groundnut,31.75094509,68.94600019,20.40742053,33.42208835,69.67341821,7.102417014,64.77238767
Black Gram (Urd Beans)(Whole),Groundnut,28.74685008,76.42036543,21.83712216,31.207576,62.66480706,6.381552615,64.69018515
Black Gram (Urd Beans)(Whole),Groundnut,36.84209009,59.67589724,22.40862368,32.53478624,64.32295968,7.158707769,72.38371344
Black Gram (Urd Beans)(Whole),Groundnut,29.55716239,59.06143942,17.06623434,30.74475715,62.59778561,6.915130029,64.7318174
Black Gram (Urd Beans)(Whole),Groundnut,43.06509041,51.72921897,20.81810117,29.87562401,65.09562331,7.498229719,74.23275386
Black Gram (Urd Beans)(Whole),Groundnut,56.4310068,53.58717164,19.74605181,33.37252834,68.83127621,6.618550874,71.8092372
Black Gram (Urd Beans)(Whole),Groundnut,46.25048647,63.40415462,16.79200575,27.32078928,65.56573275,7.386761313,66.38705473
Black Gram (Urd Beans)(Whole),Groundnut,51.78248318,52.22948063,20.93451025,26.86726319,65.73419756,6.722028668,68.97200837
Black Gram (Urd Beans)(Whole),Groundnut,42.39308773,77.28460786,18.04842984,34.6753188,63.74021483,6.257849548,69.48077511
Black Gram (Urd Beans)(Whole),Groundnut,54.26355845,61.02170028,24.19147727,31.0044954,60.82871772,6.592012401,75.9213062
Black Gram (Urd Beans)(Whole),Groundnut,51.51500272,74.06864749,16.41059811,26.27802556,64.46829842,6.071280304,78.82731363
Black Gram (Urd Beans)(Whole),Groundnut,42.69043134,57.66551414,17.6480025,33.19866125,64.35413438,7.404795241,70.6931763
Black Gram (Urd Beans)(Whole),Groundnut,30.63858438,53.67577222,24.30450152,30.8803518,60.9509924,7.009918078,75.19841359
Black Gram (Urd Beans)(Whole),Groundnut,50.71376576,53.58164445,22.0196732,27.41269646,68.17710087,6.515637892,62.7945591
Black Gram (Urd Beans)(Whole),Groundnut,45.61796296,78.42410609,23.0419935,32.88623757,68.93286414,6.016340014,72.7252663
Black Gram (Urd Beans)(Whole),Groundnut,32.88058088,70.48106701,21.53888202,27.88295834,61.51100116,6.228891761,70.55861166
Black Gram (Urd Beans)(Whole),Groundnut,49.16755792,75.6166385,15.86462775,31.13839787,65.8634276,7.449535761,60.44068033
Black Gram (Urd Beans)(Whole),Groundnut,48.25131162,65.72148848,17.00176695,30.54988865,65.77498734,7.015237372,76.77171992
Black Gram (Urd Beans)(Whole),Groundnut,34.10551169,52.26120448,20.28911012,28.91709232,61.5365948,6.846508581,74.82134498
Black Gram (Urd Beans)(Whole),Groundnut,48.97982114,68.48212362,22.70329739,30.16980879,69.16298886,6.791809232,69.36757553
Black Gram (Urd Beans)(Whole),Groundnut,51.27474428,77.52651308,24.70690006,30.96989443,62.56832532,7.419987433,68.6470893
Black Gram (Urd Beans)(Whole),Groundnut,58.4873382,63.98513224,24.56045832,34.35607598,63.42003434,6.836230457,63.33465586
Black Gram (Urd Beans)(Whole),Groundnut,29.73027075,52.29003668,17.39215496,29.32867299,60.02968903,6.883846653,66.27818781
Black Gram (Urd Beans)(Whole),Groundnut,53.74350326,57.63190521,24.96999991,27.58015882,66.77040362,6.734411068,72.25638219
Black Gram (Urd Beans)(Whole),Groundnut,40.54235334,73.66852673,21.71555153,31.70674193,67.36373119,6.400936271,66.99542004
Black Gram (Urd Beans)(Whole),Groundnut,29.72037288,51.60056655,16.64157744,28.57090734,63.00822549,7.493493058,77.2094163
Black Gram (Urd Beans)(Whole),Groundnut,45.75465025,55.77409099,23.7449847,28.68238861,68.41737495,6.478734692,78.89701875
Black Gram (Urd Beans)(Whole),Groundnut,28.496363,51.96664343,21.07612524,25.79324658,69.98882573,7.419305645,62.82695014
Black Gram (Urd Beans)(Whole),Groundnut,51.58876691,68.20237847,19.61591928,32.12554227,60.35274414,7.411093659,69.83986047
Black Gram (Urd Beans)(Whole),Groundnut,58.04585647,74.34651374,17.85279464,32.17273519,64.46550257,7.223781424,64.79973506
Black Gram (Urd Beans)(Whole),Groundnut,57.51406706,66.07672349,16.72988862,25.1093161,60.51677716,6.878622635,66.01173471
Black Gram (Urd Beans)(Whole),Groundnut,32.05356716,56.31096607,17.99219561,25.08120402,62.07724015,6.625080541,63.77399757
Black Gram (Urd Beans)(Whole),Groundnut,41.55598194,66.7863638,21.85445901,30.71498,66.53627753,6.502295511,64.96367175
Black Gram (Urd Beans)(Whole),Groundnut,25.3971787,76.48058703,22.21473731,26.22301432,64.90203113,6.112850122,69.33041439
Black Gram (Urd Beans)(Whole),Groundnut,56.74433532,62.74394687,21.95636265,25.91792459,69.04779863,6.710338047,62.14818788
Black Gram (Urd Beans)(Whole),Groundnut,25.29129195,67.48051841,17.06563612,29.90095607,69.24344643,6.588529876,66.60104952
Black Gram (Urd Beans)(Whole),Groundnut,55.97346201,50.97833296,15.08848133,31.69792772,61.30439402,7.014898814,78.72575354
Black Gram (Urd Beans)(Whole),Groundnut,55.44430291,60.83352477,23.54028024,34.02836078,61.3784933,6.563652107,77.82321386
Black Gram (Urd Beans)(Whole),Groundnut,36.13916492,72.37222656,17.17386752,29.4492314,61.14244298,7.441235336,68.00668246
Black Gram (Urd Beans)(Whole),Groundnut,52.70972039,60.01243889,17.35475202,29.27359267,62.44025522,7.038983763,75.99110522
Black Gram (Urd Beans)(Whole),Groundnut,32.75200743,61.91333201,21.91077972,33.89215435,69.56393169,6.356479184,78.24972515
Black Gram (Urd Beans)(Whole),Groundnut,39.96382388,66.57160657,15.84533862,31.85762969,62.85670852,6.674515637,67.61929928
Black Gram (Urd Beans)(Whole),Groundnut,35.73756303,75.15736477,17.6891379,28.57260839,67.51470181,6.142944263,62.63447702
Black Gram (Urd Beans)(Whole),Groundnut,27.77778146,77.58306868,18.37505184,32.65642531,60.70230266,7.278825239,69.0201345
Black Gram (Urd Beans)(Whole),Groundnut,40.06936491,78.75975295,21.14597818,30.44566701,63.7262131,6.924355933,67.21572167
Black Gram (Urd Beans)(Whole),Groundnut,37.6134086,57.17704501,17.23171106,33.7528911,69.82637357,6.983973173,71.98829834
Black Gram (Urd Beans)(Whole),Groundnut,41.73278435,66.07979784,22.92454644,32.94217975,63.49461586,6.42760459,62.40960558
Black Gram (Urd Beans)(Whole),Groundnut,57.38021962,76.24771761,18.720518,31.84260278,66.04796962,6.005013847,64.16461571
Black Gram (Urd Beans)(Whole),Groundnut,48.91527571,71.15625022,18.67928012,29.42713613,64.59974344,6.443009549,65.62719314
Black Gram (Urd Beans)(Whole),Groundnut,29.88585602,73.58364796,17.63001002,28.30464885,62.45005822,6.324631535,73.42306437
Black Gram (Urd Beans)(Whole),Groundnut,35.96370781,57.59475385,15.04788706,28.92041745,65.17812449,7.03506064,68.18980807
Black Gram (Urd Beans)(Whole),Groundnut,55.57181599,56.85389359,16.85419409,34.50963019,62.55481945,6.651454088,76.48351747
Black Gram (Urd Beans)(Whole),Groundnut,49.23851846,52.17593055,24.26741689,33.23608786,67.66475643,6.571673638,75.26817006
Black Gram (Urd Beans)(Whole),"Sesamum(Sesame,Gingelly,Til)",28.38548346,68.64415555,19.37131462,25.02759312,61.59202554,6.755661475,58.87367146
Black Gram (Urd Beans)(Whole),"Sesamum(Sesame,Gingelly,Til)",44.65994085,63.04266387,17.92272658,31.95749861,63.31662406,6.707047643,60.36628106
Black Gram (Urd Beans)(Whole),"Sesamum(Sesame,Gingelly,Til)",34.86079751,72.20375675,23.44829251,33.35797884,68.50312246,6.961414302,74.97275567
Black Gram (Urd Beans)(Whole),"Sesamum(Sesame,Gingelly,Til)",45.72092446,65.21853651,18.88251554,30.67746061,58.87226961,6.541072316,64.83416813
Black Gram (Urd Beans)(Whole),"Sesamum(Sesame,Gingelly,Til)",29.12223308,65.15833892,22.84346341,25.89327254,66.85995011,7.056497928,66.41041795
Black Gram (Urd Beans)(Whole),"Sesamum(Sesame,Gingelly,Til)",35.43371381,51.99872026,15.69328192,33.75149555,58.33383313,6.788288394,60.11852082
Black Gram (Urd Beans)(Whole),"Sesamum(Sesame,Gingelly,Til)",39.08930458,67.94166642,21.03045509,32.65543672,65.63609749,7.408203741,56.95518078
Black Gram (Urd Beans)(Whole),"Sesamum(Sesame,Gingelly,Til)",34.10623505,72.03564311,22.725789,32.67580193,63.89221785,7.494984731,63.91308555
Black Gram (Urd Beans)(Whole),"Sesamum(Sesame,Gingelly,Til)",53.57847318,74.99146888,24.30412025,30.44070045,61.25725101,7.19518437,69.87757163
Black Gram (Urd Beans)(Whole),"Sesamum(Sesame,Gingelly,Til)",24.18908461,72.0821802,22.73509166,33.29217825,67.41548279,7.403853713,65.12895972
Black Gram (Urd Beans)(Whole),"Sesamum(Sesame,Gingelly,Til)",31.78369881,61.01825177,21.19244036,25.02709673,68.90999141,7.056119791,74.80144668
Black Gram (Urd Beans)(Whole),"Sesamum(Sesame,Gingelly,Til)",32.71744577,68.59174644,23.42027356,32.67074195,58.13184883,7.481241755,67.71332222
Black Gram (Urd Beans)(Whole),"Sesamum(Sesame,Gingelly,Til)",53.85781966,63.67201476,21.30223964,32.86103537,56.13486149,7.245981216,64.47910161
Black Gram (Urd Beans)(Whole),"Sesamum(Sesame,Gingelly,Til)",27.45819951,54.15984146,21.99966843,26.78513514,68.57951024,6.663230705,58.80488433
Black Gram (Urd Beans)(Whole),"Sesamum(Sesame,Gingelly,Til)",52.10518988,54.61765245,15.43724489,30.18058806,65.34109436,6.911998379,56.02010734
Black Gram (Urd Beans)(Whole),"Sesamum(Sesame,Gingelly,Til)",48.8446517,63.59545278,22.61637965,29.27809229,65.25696449,6.878728988,63.20807107
Black Gram (Urd Beans)(Whole),"Sesamum(Sesame,Gingelly,Til)",49.79004432,50.54873092,21.7252355,31.7941458,68.7733514,7.016424039,72.33064581
Black Gram (Urd Beans)(Whole),"Sesamum(Sesame,Gingelly,Til)",49.78259047,73.12571547,21.03568623,25.90505571,64.01766733,7.080212447,67.01466764
Black Gram (Urd Beans)(Whole),"Sesamum(Sesame,Gingelly,Til)",44.64415967,70.95092213,22.75943231,26.43860484,69.10819856,7.496356025,63.03979507
Black Gram (Urd Beans)(Whole),"Sesamum(Sesame,Gingelly,Til)",45.83579758,60.44373024,17.4008917,26.63801065,68.84059242,7.175263421,70.97667005
Black Gram (Urd Beans)(Whole),"Sesamum(Sesame,Gingelly,Til)",42.70101347,55.2302163,18.61209305,25.95366844,67.89940751,6.766536563,63.9565333
Black Gram (Urd Beans)(Whole),"Sesamum(Sesame,Gingelly,Til)",42.78435803,70.59624091,22.18517402,30.67090213,64.95227482,7.067280314,60.79789667
Black Gram (Urd Beans)(Whole),"Sesamum(Sesame,Gingelly,Til)",41.2096321,53.39363364,19.82263342,34.67882324,56.35598276,6.790745633,58.50092896
Black Gram (Urd Beans)(Whole),"Sesamum(Sesame,Gingelly,Til)",40.42733689,74.1781355,17.91182885,30.52225689,67.74411531,6.574683791,67.39416528
Black Gram (Urd Beans)(Whole),"Sesamum(Sesame,Gingelly,Til)",20.37118697,50.04517057,15.91154521,28.93439685,55.49122226,7.073477159,58.60089608
Black Gram (Urd Beans)(Whole),"Sesamum(Sesame,Gingelly,Til)",29.61892531,57.26166132,22.13627853,34.55415118,64.03303501,6.73632561,68.03761063
Black Gram (Urd Beans)(Whole),"Sesamum(Sesame,Gingelly,Til)",41.2023596,61.29992431,20.72689517,27.96872146,60.76777102,7.080661315,63.17705608
Black Gram (Urd Beans)(Whole),"Sesamum(Sesame,Gingelly,Til)",26.50023949,72.1605203,21.51447563,27.9166385,68.23015948,6.818853976,65.67205424
Black Gram (Urd Beans)(Whole),"Sesamum(Sesame,Gingelly,Til)",36.06185342,67.738362,19.26476211,25.37918925,66.8608096,7.420849374,69.98789941
Black Gram (Urd Beans)(Whole),"Sesamum(Sesame,Gingelly,Til)",20.75485197,65.49654665,23.37955377,32.0539389,65.15903992,6.538149362,63.27189443
Black Gram (Urd Beans)(Whole),"Sesamum(Sesame,Gingelly,Til)",34.18061892,52.17433272,22.84135257,33.08657338,56.40613723,7.424858414,73.08740583
Black Gram (Urd Beans)(Whole),"Sesamum(Sesame,Gingelly,Til)",41.39494809,53.274581,16.01845043,32.481094,68.78598845,6.678049208,68.89905118
Black Gram (Urd Beans)(Whole),"Sesamum(Sesame,Gingelly,Til)",49.92725544,63.70391918,21.0221367,29.28144577,61.49496479,6.964361386,59.89441651
Black Gram (Urd Beans)(Whole),"Sesamum(Sesame,Gingelly,Til)",39.16634297,56.5685543,16.3883903,33.71881503,55.70559105,7.161602403,63.91753574
Black Gram (Urd Beans)(Whole),"Sesamum(Sesame,Gingelly,Til)",53.00429903,68.51120703,20.37983503,28.04936287,64.89837125,7.071037933,71.22744912
Black Gram (Urd Beans)(Whole),"Sesamum(Sesame,Gingelly,Til)",42.90531138,69.84532683,24.89456408,34.9781791,65.9168825,6.511182004,59.00590432
Black Gram (Urd Beans)(Whole),"Sesamum(Sesame,Gingelly,Til)",24.79379394,61.07204307,21.9093582,34.67749859,68.8080052,7.225359544,55.3472558
Black Gram (Urd Beans)(Whole),"Sesamum(Sesame,Gingelly,Til)",52.31102672,51.0037635,24.56906298,27.61003729,55.87748626,7.392952453,74.2198429
Black Gram (Urd Beans)(Whole),"Sesamum(Sesame,Gingelly,Til)",47.86924771,60.91946039,17.10879866,27.72413338,62.29095,7.244167721,71.27805303
Black Gram (Urd Beans)(Whole),"Sesamum(Sesame,Gingelly,Til)",30.11776307,62.66195642,20.30435423,29.98420947,63.74987158,7.283512961,65.1234029
Black Gram (Urd Beans)(Whole),"Sesamum(Sesame,Gingelly,Til)",23.25120098,57.79166274,24.57103674,27.44175072,61.64940657,7.113028112,60.55872405
Black Gram (Urd Beans)(Whole),"Sesamum(Sesame,Gingelly,Til)",47.58782383,71.57775159,23.32293241,26.78595,61.4192954,6.740684933,55.5280587
Black Gram (Urd Beans)(Whole),"Sesamum(Sesame,Gingelly,Til)",29.46953266,51.04680823,17.01865684,31.41436302,67.3678116,6.587792536,71.17953118
Black Gram (Urd Beans)(Whole),"Sesamum(Sesame,Gingelly,Til)",33.9323615,71.81455763,22.42923268,28.80248779,55.65294665,6.725501576,69.43619841
Black Gram (Urd Beans)(Whole),"Sesamum(Sesame,Gingelly,Til)",49.66685359,69.61786021,22.38544457,28.80733833,64.42446926,6.871758281,71.37153591
Black Gram (Urd Beans)(Whole),"Sesamum(Sesame,Gingelly,Til)",36.21647129,74.66721015,22.36926855,29.62820961,56.19150361,7.315363897,55.6824064
Black Gram (Urd Beans)(Whole),"Sesamum(Sesame,Gingelly,Til)",34.78459885,63.43123535,15.76352529,31.39030008,61.60995665,7.260805139,61.33996331
Black Gram (Urd Beans)(Whole),"Sesamum(Sesame,Gingelly,Til)",39.98245338,65.10853358,19.03718494,31.01881774,66.61856003,6.693371166,72.30493874
Black Gram (Urd Beans)(Whole),"Sesamum(Sesame,Gingelly,Til)",52.04423647,55.84090319,19.65275455,26.9603794,66.69461502,7.058024979,72.25514783
Black Gram (Urd Beans)(Whole),"Sesamum(Sesame,Gingelly,Til)",49.83483561,63.31221784,17.55790162,33.22118475,64.78998997,6.854791819,56.70220033
Black Gram (Urd Beans)(Whole),"Sesamum(Sesame,Gingelly,Til)",31.89751954,64.493298,24.13264823,32.69488681,69.49882342,7.407944853,71.13575881
Black Gram (Urd Beans)(Whole),"Sesamum(Sesame,Gingelly,Til)",45.82899614,60.44327822,22.60828134,27.98170951,56.90623601,6.978375934,60.9847733
Black Gram (Urd Beans)(Whole),"Sesamum(Sesame,Gingelly,Til)",29.78370951,66.09180815,22.1799837,34.59575731,57.68558536,6.577753576,67.25780898
Black Gram (Urd Beans)(Whole),"Sesamum(Sesame,Gingelly,Til)",46.32473691,65.05521127,23.83326653,32.92513812,66.59909895,7.092652141,74.79869094
Black Gram (Urd Beans)(Whole),"Sesamum(Sesame,Gingelly,Til)",54.73677389,73.70542017,23.09329413,31.8583828,56.68807519,7.274222327,72.47654586
Black Gram (Urd Beans)(Whole),"Sesamum(Sesame,Gingelly,Til)",33.68359114,58.98364837,16.16381431,31.66999957,63.61741548,6.781978066,71.1818138
Black Gram (Urd Beans)(Whole),"Sesamum(Sesame,Gingelly,Til)",20.70909335,55.9828624,23.18816229,29.99083506,67.95425313,7.22700873,70.40813067
Black Gram (Urd Beans)(Whole),"Sesamum(Sesame,Gingelly,Til)",48.30918234,59.13581907,22.73923763,31.22383238,59.934248,6.704023089,56.12183004
Black Gram (Urd Beans)(Whole),"Sesamum(Sesame,Gingelly,Til)",52.29419348,50.87714286,15.82542117,31.01273012,69.92960145,7.281152519,70.54082344
Black Gram (Urd Beans)(Whole),"Sesamum(Sesame,Gingelly,Til)",32.96111517,69.27586045,21.41660438,30.59764596,63.77384301,6.968916148,71.04624399
Black Gram (Urd Beans)(Whole),"Sesamum(Sesame,Gingelly,Til)",32.40505989,69.54459421,20.85495478,33.98593859,56.53839782,7.491226718,57.70548446
Black Gram (Urd Beans)(Whole),"Sesamum(Sesame,Gingelly,Til)",21.40537067,56.57384447,24.46864582,32.75243662,66.13545147,7.058279736,66.1952403
Black Gram (Urd Beans)(Whole),"Sesamum(Sesame,Gingelly,Til)",24.40147766,52.72329011,18.80108151,25.16860945,61.7250869,6.945598895,70.24765844
Black Gram (Urd Beans)(Whole),"Sesamum(Sesame,Gingelly,Til)",23.09857739,60.84751966,19.68063174,32.5154819,58.71466397,6.965033468,57.40388206
Black Gram (Urd Beans)(Whole),"Sesamum(Sesame,Gingelly,Til)",29.56866166,67.60637133,15.80127493,28.7792556,60.13279356,7.296800552,65.75985626
Black Gram (Urd Beans)(Whole),"Sesamum(Sesame,Gingelly,Til)",35.03302287,59.58296013,18.96314544,31.99961307,60.97641797,6.635461611,60.10291609
Black Gram (Urd Beans)(Whole),"Sesamum(Sesame,Gingelly,Til)",34.57625104,53.0362091,17.49669357,33.92210453,64.83205164,6.854581611,60.76975848
Black Gram (Urd Beans)(Whole),"Sesamum(Sesame,Gingelly,Til)",34.25371653,72.70664767,19.23829854,28.77974288,57.22167508,6.568746859,59.52478229
Black Gram (Urd Beans)(Whole),"Sesamum(Sesame,Gingelly,Til)",53.68742745,58.70886217,23.01045997,32.58389615,65.75931424,7.041442466,73.45292849
Black Gram (Urd Beans)(Whole),"Sesamum(Sesame,Gingelly,Til)",21.22917952,53.19997213,19.58317627,27.85363858,57.03782787,6.677186062,69.69259053
Black Gram (Urd Beans)(Whole),"Sesamum(Sesame,Gingelly,Til)",47.12945697,58.42891637,15.77713611,34.66361997,62.28229408,7.207193195,72.38461548
Black Gram (Urd Beans)(Whole),"Sesamum(Sesame,Gingelly,Til)",39.64700655,53.30291009,15.57456133,25.39291012,65.52054182,7.082269564,66.90305215
Black Gram (Urd Beans)(Whole),"Sesamum(Sesame,Gingelly,Til)",44.37328538,71.00733258,18.42584476,30.74179151,69.69275072,6.55582925,59.44758454
Black Gram (Urd Beans)(Whole),"Sesamum(Sesame,Gingelly,Til)",43.21521621,66.75518206,23.60967355,32.32934896,66.92756144,7.330137604,56.08182246
Black Gram (Urd Beans)(Whole),"Sesamum(Sesame,Gingelly,Til)",49.8967722,56.9743597,23.05194514,27.6123074,64.33065718,7.06438893,69.21820803
Black Gram (Urd Beans)(Whole),"Sesamum(Sesame,Gingelly,Til)",22.17381276,69.23955951,16.91288028,32.91273085,61.67250732,7.230310137,58.51860167
Black Gram (Urd Beans)(Whole),"Sesamum(Sesame,Gingelly,Til)",46.31597255,57.41931843,16.05067065,29.28191793,60.99282176,7.265602517,55.31151536
Black Gram (Urd Beans)(Whole),"Sesamum(Sesame,Gingelly,Til)",36.26740707,53.45750013,16.23242152,27.50679229,67.28381829,6.960019034,69.55904088
Black Gram (Urd Beans)(Whole),"Sesamum(Sesame,Gingelly,Til)",48.84669084,67.08970391,22.49423295,33.25724671,66.79217038,6.87456925,55.43666783
Black Gram (Urd Beans)(Whole),"Sesamum(Sesame,Gingelly,Til)",28.08122127,61.04716829,17.9536456,26.91974735,59.32186902,6.898075538,73.09061389
Black Gram (Urd Beans)(Whole),"Sesamum(Sesame,Gingelly,Til)",21.02312381,56.97832509,17.4718076,29.39151304,64.53651153,7.400545769,70.93033789
Black Gram (Urd Beans)(Whole),"Sesamum(Sesame,Gingelly,Til)",25.49949612,58.37126667,15.86975461,27.9087003,55.20290458,7.088414926,73.61189284
Black Gram (Urd Beans)(Whole),"Sesamum(Sesame,Gingelly,Til)",20.26808666,56.52863073,15.94840718,32.82515088,57.33041923,7.211319151,66.91623608
Black Gram (Urd Beans)(Whole),"Sesamum(Sesame,Gingelly,Til)",45.65012924,63.38843764,22.3011386,30.39074974,55.74791452,6.597575608,71.17677575
Black Gram (Urd Beans)(Whole),"Sesamum(Sesame,Gingelly,Til)",26.26746261,69.80507123,24.43743654,25.59986995,68.44657206,6.662809485,69.39800996
Black Gram (Urd Beans)(Whole),"Sesamum(Sesame,Gingelly,Til)",42.15604871,72.83963071,16.37855258,30.12058953,63.2340889,6.687033233,55.14081921
Black Gram (Urd Beans)(Whole),"Sesamum(Sesame,Gingelly,Til)",48.84804669,69.65318566,17.92558542,27.56463954,62.65039798,6.874055173,70.71706997
Black Gram (Urd Beans)(Whole),"Sesamum(Sesame,Gingelly,Til)",38.57011094,54.09117854,18.03472113,31.30159117,62.15169248,7.415936863,67.80101019
Black Gram (Urd Beans)(Whole),"Sesamum(Sesame,Gingelly,Til)",32.07547534,69.02269405,24.20709272,29.74066314,60.07817562,6.792321256,61.45516937
Black Gram (Urd Beans)(Whole),"Sesamum(Sesame,Gingelly,Til)",24.475469,53.51773051,21.78361694,30.83239335,55.71748531,6.812568909,70.91305781
Black Gram (Urd Beans)(Whole),"Sesamum(Sesame,Gingelly,Til)",26.48487707,69.56087891,15.29936851,29.37586754,57.22128674,6.970302329,62.25365586
Black Gram (Urd Beans)(Whole),"Sesamum(Sesame,Gingelly,Til)",23.73982807,59.12213929,16.68710264,34.13554878,66.81101714,6.83951121,74.47865259
Black Gram (Urd Beans)(Whole),"Sesamum(Sesame,Gingelly,Til)",47.45130154,72.32488321,20.64732113,25.49084961,69.56158697,6.707284562,58.48843951
Black Gram (Urd Beans)(Whole),"Sesamum(Sesame,Gingelly,Til)",28.83960357,66.48083665,19.12379773,32.68915941,67.90899716,6.570940331,62.60930021
Black Gram (Urd Beans)(Whole),"Sesamum(Sesame,Gingelly,Til)",30.00594615,73.80807526,17.51505611,32.69755605,64.45502445,7.319407822,71.26358335
Black Gram (Urd Beans)(Whole),"Sesamum(Sesame,Gingelly,Til)",22.15132847,61.09667087,18.81522357,31.36029497,63.88896071,6.937996214,62.02527875
Black Gram (Urd Beans)(Whole),"Sesamum(Sesame,Gingelly,Til)",51.3506458,62.80478472,19.49831804,34.77969634,65.95707205,7.275479357,65.35090712
Black Gram (Urd Beans)(Whole),"Sesamum(Sesame,Gingelly,Til)",29.99659429,70.13547098,19.02834509,26.2973462,68.66772931,6.715740215,69.65031696
Black Gram (Urd Beans)(Whole),"Sesamum(Sesame,Gingelly,Til)",29.87688493,68.14663864,15.99715284,25.86259448,63.58179809,7.041901866,57.39978293
Black Gram (Urd Beans)(Whole),"Sesamum(Sesame,Gingelly,Til)",53.3211203,74.45491762,23.83593185,32.02750914,63.75017184,6.800138512,69.23482075
