main-crop,sub-crop,N,P,K,temperature,humidity,ph,rainfall
Lentil (Masur)(Whole),Kabuli Channa(Chickpeas-White),29.32419573,59.28687381,19.04817946,25.07132356,67.25188271,7.513035726,42.79357239
Lentil (Masur)(Whole),Kabuli Channa(Chickpeas-White),22.48739232,71.72486455,21.90123452,18.03612912,68.16720836,7.180177303,48.85302275
Lentil (Masur)(Whole),Kabuli Channa(Chickpeas-White),6.810295327,59.71216795,15.77953358,27.43878687,61.17278704,7.097373097,54.11529048
Lentil (Masur)(Whole),Kabuli Channa(Chickpeas-White),29.7252723,59.70212577,22.16350058,19.62208443,68.5800494,6.026943837,44.02839489
Lentil (Masur)(Whole),Kabuli Channa(Chickpeas-White),18.74973274,72.15377632,23.00744275,26.9925941,63.11006164,6.639672794,42.77456934
Lentil (Masur)(Whole),Kabuli Channa(Chickpeas-White),33.22060132,56.2875653,15.6490846,21.17709248,67.43789514,6.057284469,43.48196014
Lentil (Masur)(Whole),Kabuli Channa(Chickpeas-White),10.5858147,65.70793962,18.95577156,25.11177556,65.22647014,7.373039121,54.92373795
Lentil (Masur)(Whole),Kabuli Channa(Chickpeas-White),12.46892291,56.51355718,18.98717431,25.13770369,61.65369299,6.546509847,42.55953724
Lentil (Masur)(Whole),Kabuli Channa(Chickpeas-White),4.452972831,57.03211114,24.43370768,24.72232228,64.33631449,6.842901025,44.28347626
Lentil (Masur)(Whole),Kabuli Channa(Chickpeas-White),13.99213962,55.17089721,16.65761998,23.35864798,62.60779997,6.558955051,35.04352631
Lentil (Masur)(Whole),Kabuli Channa(Chickpeas-White),26.49285677,56.22595028,17.32495797,27.36750078,60.27027579,6.035295467,41.72549971
Lentil (Masur)(Whole),Kabuli Channa(Chickpeas-White),34.32302215,63.89629263,22.76884358,26.89523778,65.58964524,6.305400168,51.83906988
Lentil (Masur)(Whole),Kabuli Channa(Chickpeas-White),2.150775285,58.15029285,22.93394721,25.48497365,66.82239719,7.251540719,43.91422637
Lentil (Masur)(Whole),Kabuli Channa(Chickpeas-White),33.06218496,61.79196349,18.37116712,23.17036031,62.60855854,7.330324724,44.35476527
Lentil (Masur)(Whole),Kabuli Channa(Chickpeas-White),26.73869089,71.11654405,19.5169018,20.6676871,61.6589776,7.296070247,54.1142121
Lentil (Masur)(Whole),Kabuli Channa(Chickpeas-White),7.968002398,65.98514111,15.6912593,20.95401629,66.44747009,7.734625884,46.720793
Lentil (Masur)(Whole),Kabuli Channa(Chickpeas-White),10.59512415,58.44254586,23.17687464,24.71898752,63.3109666,6.556664619,42.59448045
Lentil (Masur)(Whole),Kabuli Channa(Chickpeas-White),25.86743515,57.63100171,20.23399406,28.2683017,66.51844616,6.226290874,41.2580645
Lentil (Masur)(Whole),Kabuli Channa(Chickpeas-White),12.07498511,71.7219993,21.29712614,23.7082112,68.06997524,6.43510557,48.80002462
Lentil (Masur)(Whole),Kabuli Channa(Chickpeas-White),24.71030633,57.90487166,16.77942553,27.64039282,68.46719173,7.474507688,53.88592453
Lentil (Masur)(Whole),Kabuli Channa(Chickpeas-White),0.48778898,55.51032832,20.32575346,23.98324492,60.79719834,6.644713607,44.78192961
Lentil (Masur)(Whole),Kabuli Channa(Chickpeas-White),32.37637634,61.01973596,19.31697859,22.8703003,65.66574027,7.194351208,42.23930152
Lentil (Masur)(Whole),Kabuli Channa(Chickpeas-White),32.42229497,65.84111775,21.9733967,21.77721289,60.95299667,6.57982449,50.39379071
Lentil (Masur)(Whole),Kabuli Channa(Chickpeas-White),15.58340638,68.20655833,16.40506975,18.02979692,63.09663651,7.495966888,44.62574975
Lentil (Masur)(Whole),Kabuli Channa(Chickpeas-White),12.58878762,58.21301727,20.9481344,24.68019858,69.81202488,6.269048842,45.21334782
Lentil (Masur)(Whole),Kabuli Channa(Chickpeas-White),16.81461988,57.19297345,21.60467335,23.46544248,60.65236496,6.30583274,39.15933723
Lentil (Masur)(Whole),Kabuli Channa(Chickpeas-White),4.259325948,67.22047361,15.5505508,24.30516542,67.60508838,6.460862334,48.41769816
Lentil (Masur)(Whole),Kabuli Channa(Chickpeas-White),27.63520398,69.25967035,16.36755145,19.67156822,67.67420002,7.665424895,52.90771264
Lentil (Masur)(Whole),Kabuli Channa(Chickpeas-White),23.74457981,56.11288384,20.13714318,25.49964462,62.54519899,6.283880939,46.49590847
Lentil (Masur)(Whole),Kabuli Channa(Chickpeas-White),23.75199827,63.94667192,23.78753871,21.72243027,61.65401806,7.321468271,38.52704633
Lentil (Masur)(Whole),Kabuli Channa(Chickpeas-White),23.17026533,64.46865861,19.31064915,18.35198404,63.8368368,7.381538641,43.12871045
Lentil (Masur)(Whole),Kabuli Channa(Chickpeas-White),9.231062708,60.11588367,18.10148639,22.62572059,65.32923926,5.900804428,43.72117033
Lentil (Masur)(Whole),Kabuli Channa(Chickpeas-White),12.23040776,60.26779691,19.30918766,21.58052811,61.2772267,6.494083623,39.26269181
Lentil (Masur)(Whole),Kabuli Channa(Chickpeas-White),12.73345319,65.07839214,16.64594418,23.57424173,68.07343471,6.532319746,45.66033745
Lentil (Masur)(Whole),Kabuli Channa(Chickpeas-White),3.607300822,59.91770161,20.77387112,27.51495212,66.29080044,6.217781619,48.18757346
Lentil (Masur)(Whole),Kabuli Channa(Chickpeas-White),1.171010415,57.23395195,20.66428603,24.41127511,64.47452876,7.768413532,49.78898714
Lentil (Masur)(Whole),Kabuli Channa(Chickpeas-White),32.74709153,57.59470143,22.59508313,23.15464657,60.82982817,6.921820712,49.18797859
Lentil (Masur)(Whole),Kabuli Channa(Chickpeas-White),27.62670862,63.50417292,18.99985938,18.76540852,62.63357899,7.611994059,48.40567228
Lentil (Masur)(Whole),Kabuli Channa(Chickpeas-White),24.64261796,57.36408984,19.77694275,28.17376121,65.09784787,7.019717854,50.8736097
Lentil (Masur)(Whole),Kabuli Channa(Chickpeas-White),26.43689455,68.45667159,16.89353597,25.96845897,62.36753008,6.189007402,44.36066993
Lentil (Masur)(Whole),Kabuli Channa(Chickpeas-White),8.056204326,72.05663431,18.94042718,19.35137322,69.41935754,7.370975553,39.37433216
Lentil (Masur)(Whole),Kabuli Channa(Chickpeas-White),9.588528556,61.42605507,23.82270407,20.30009743,63.11255007,7.325083349,51.91996077
Lentil (Masur)(Whole),Kabuli Channa(Chickpeas-White),21.92416438,56.89479104,24.3335472,22.78285381,68.44994076,6.593524716,51.61830781
Lentil (Masur)(Whole),Kabuli Channa(Chickpeas-White),3.574311324,64.5722181,18.52418815,28.04497489,62.289969,6.202833847,50.09826385
Lentil (Masur)(Whole),Kabuli Channa(Chickpeas-White),16.03176147,71.63493065,18.36890272,19.30850498,67.68761764,5.962678855,37.26538142
Lentil (Masur)(Whole),Kabuli Channa(Chickpeas-White),8.439034076,67.51345559,21.59480331,18.20593764,65.20954751,6.331267509,35.57419449
Lentil (Masur)(Whole),Kabuli Channa(Chickpeas-White),32.72355902,72.41629507,22.00221314,25.13101087,63.51799147,6.162843594,49.02400152
Lentil (Masur)(Whole),Kabuli Channa(Chickpeas-White),5.858190552,62.41507948,19.73294447,27.72334525,65.90160783,6.402531591,53.59880942
Lentil (Masur)(Whole),Kabuli Channa(Chickpeas-White),31.36476528,67.01272021,21.46510595,24.52898167,63.96692651,7.583970611,48.29568958
Lentil (Masur)(Whole),Kabuli Channa(Chickpeas-White),7.396980002,56.23247485,23.14263862,26.93466921,64.84672907,7.745458246,37.08337356
Lentil (Masur)(Whole),Kabuli Channa(Chickpeas-White),4.113372535,67.46239537,16.83155868,20.79607803,66.36184291,7.74418317,54.66156859
Lentil (Masur)(Whole),Kabuli Channa(Chickpeas-White),18.86772887,62.9987445,16.93134764,21.28073054,69.76675449,6.215284901,48.7450911
Lentil (Masur)(Whole),Kabuli Channa(Chickpeas-White),4.243476744,60.17847529,21.63644494,23.01389865,63.8713249,6.886198728,47.29258553
Lentil (Masur)(Whole),Kabuli Channa(Chickpeas-White),18.86057372,63.56477333,24.33128536,28.62408625,65.27247922,6.606332649,45.55068132
Lentil (Masur)(Whole),Kabuli Channa(Chickpeas-White),15.50266484,61.68864051,22.69599512,24.05761256,63.7400672,7.316298996,44.07955521
Lentil (Masur)(Whole),Kabuli Channa(Chickpeas-White),28.31564151,70.40198154,24.83141111,24.8269129,68.9418925,6.898004737,53.4844136
Lentil (Masur)(Whole),Kabuli Channa(Chickpeas-White),32.45550073,71.12583976,22.03461328,26.40273069,64.01052666,6.844584504,37.9785579
Lentil (Masur)(Whole),Kabuli Channa(Chickpeas-White),6.845163345,66.62223833,15.72540474,25.92167979,66.49413269,7.596471718,53.89451079
Lentil (Masur)(Whole),Kabuli Channa(Chickpeas-White),15.46820593,57.69343493,16.07282496,27.71606788,69.31975314,7.620836522,49.86396815
Lentil (Masur)(Whole),Kabuli Channa(Chickpeas-White),14.27144529,70.75549284,20.57027321,20.88881453,65.50382161,6.898792374,53.72670492
Lentil (Masur)(Whole),Kabuli Channa(Chickpeas-White),4.989223111,69.29391058,18.45669623,28.82469254,63.91724844,6.767526971,47.6518191
Lentil (Masur)(Whole),Kabuli Channa(Chickpeas-White),7.947912637,74.83873007,23.82292164,26.06294114,66.0035769,6.864949117,40.70459675
Lentil (Masur)(Whole),Kabuli Channa(Chickpeas-White),30.29397399,57.8965788,22.40021662,23.0757775,60.84619978,7.092020311,37.91210593
Lentil (Masur)(Whole),Kabuli Channa(Chickpeas-White),4.667758389,67.10284709,16.84534659,25.50524241,63.58197118,6.017867923,51.88037363
Lentil (Masur)(Whole),Kabuli Channa(Chickpeas-White),31.93173782,63.70329289,20.7374457,24.53229474,61.20324077,6.801035714,41.0226869
Lentil (Masur)(Whole),Kabuli Channa(Chickpeas-White),23.17911514,62.24098607,21.08685315,23.9894356,65.74326048,6.234697125,40.99639328
Lentil (Masur)(Whole),Kabuli Channa(Chickpeas-White),27.44152662,65.74425879,15.12139555,28.83209241,69.35355141,6.782948988,45.81027483
Lentil (Masur)(Whole),Kabuli Channa(Chickpeas-White),30.27100985,70.5927805,22.07500795,27.53671411,68.24223003,7.299615549,53.75743763
Lentil (Masur)(Whole),Kabuli Channa(Chickpeas-White),26.09360613,64.20562128,18.76249892,27.16670293,67.99978573,7.411185214,39.68574987
Lentil (Masur)(Whole),Kabuli Channa(Chickpeas-White),18.73204278,73.73532527,20.17613909,24.76900729,68.43028241,7.790064355,53.36395617
Lentil (Masur)(Whole),Kabuli Channa(Chickpeas-White),22.14121246,64.97908279,22.28420025,28.84378001,64.43951426,6.964276749,54.5727318
Lentil (Masur)(Whole),Kabuli Channa(Chickpeas-White),9.900863107,65.01283542,18.90409925,28.35969922,69.73399051,6.41286156,43.02525741
Lentil (Masur)(Whole),Kabuli Channa(Chickpeas-White),25.02338716,56.39139322,17.65303695,19.25865977,61.11860153,7.253372239,44.02789041
Lentil (Masur)(Whole),Kabuli Channa(Chickpeas-White),18.63410859,63.23389925,22.66191354,28.42912797,64.98618907,6.151175013,39.03064562
Lentil (Masur)(Whole),Kabuli Channa(Chickpeas-White),22.80802744,57.94388736,17.51024405,27.08285371,61.11520236,6.736432953,42.06480435
Lentil (Masur)(Whole),Kabuli Channa(Chickpeas-White),13.53600046,67.2666272,22.71923368,20.99560091,68.52966237,6.183874663,53.74807533
Lentil (Masur)(Whole),Kabuli Channa(Chickpeas-White),10.38485714,69.50635552,17.04525457,22.42627685,69.76954454,7.424239572,41.47559072
Lentil (Masur)(Whole),Kabuli Channa(Chickpeas-White),1.26653624,55.12119911,19.2727156,21.19196652,65.78789571,5.935696719,49.70562991
Lentil (Masur)(Whole),Kabuli Channa(Chickpeas-White),29.288538,55.66579141,19.44784366,26.46685715,61.94415249,6.480383546,38.4399867
Lentil (Masur)(Whole),Kabuli Channa(Chickpeas-White),8.045511643,67.45839951,20.38468122,23.52701781,64.08365887,6.196996454,44.75294996
Lentil (Masur)(Whole),Kabuli Channa(Chickpeas-White),23.33744674,73.88516495,23.62020896,18.33559161,69.62558343,5.95154903,44.9506412
Lentil (Masur)(Whole),Kabuli Channa(Chickpeas-White),21.33433783,69.78842813,24.95824891,27.6272414,62.0417557,7.089980334,35.27902246
Lentil (Masur)(Whole),Kabuli Channa(Chickpeas-White),29.53997283,55.15446072,24.56071211,25.17293297,65.27620787,5.97793144,53.97155739
Lentil (Masur)(Whole),Kabuli Channa(Chickpeas-White),28.17759963,71.30171586,21.08068665,26.72690721,69.77998206,6.559087737,45.34839178
Lentil (Masur)(Whole),Kabuli Channa(Chickpeas-White),8.711176401,66.15337967,18.00505381,20.16881595,63.05246346,7.52509461,52.58169425
Lentil (Masur)(Whole),Kabuli Channa(Chickpeas-White),18.23146908,58.07988132,18.35759311,22.37778851,67.14638968,6.976257396,46.38058133
Lentil (Masur)(Whole),Kabuli Channa(Chickpeas-White),21.48336511,65.86788132,20.08647989,27.16573989,60.97757867,6.419434161,54.39280253
Lentil (Masur)(Whole),Kabuli Channa(Chickpeas-White),6.339204198,72.98611644,20.92665707,23.34916154,64.72472418,6.481319227,39.39618385
Lentil (Masur)(Whole),Kabuli Channa(Chickpeas-White),14.39615832,57.62608946,18.23606379,23.60533,68.3277508,6.982522169,50.75637073
Lentil (Masur)(Whole),Kabuli Channa(Chickpeas-White),31.95211043,60.37002631,21.81416878,19.66682322,66.39286333,7.175221274,50.14656381
Lentil (Masur)(Whole),Kabuli Channa(Chickpeas-White),13.28992801,55.47738919,17.19421071,18.00102879,68.62127042,6.0497383,37.93314564
Lentil (Masur)(Whole),Kabuli Channa(Chickpeas-White),30.36012543,71.72322526,20.75854198,25.98667801,62.4667562,6.63456895,47.81545622
Lentil (Masur)(Whole),Kabuli Channa(Chickpeas-White),9.846182212,69.72733423,15.26495147,26.49858043,65.4293471,7.64534396,43.1321728
Lentil (Masur)(Whole),Kabuli Channa(Chickpeas-White),26.43518911,64.85169585,20.84196155,21.454772,64.74077702,6.282927172,38.69235907
Lentil (Masur)(Whole),Kabuli Channa(Chickpeas-White),17.46159137,55.004369,15.43527927,21.09618485,67.64227227,7.346287266,49.27952811
Lentil (Masur)(Whole),Kabuli Channa(Chickpeas-White),31.82659456,59.33022383,16.07868217,18.25576984,60.68368343,7.653796588,54.49994597
Lentil (Masur)(Whole),Kabuli Channa(Chickpeas-White),4.619609881,63.95872384,15.17874205,20.24091932,66.36615255,7.686571644,51.1439798
Lentil (Masur)(Whole),Kabuli Channa(Chickpeas-White),9.184164905,72.835962,20.81228451,23.19214653,60.84876364,6.892109121,43.05255382
Lentil (Masur)(Whole),Kabuli Channa(Chickpeas-White),1.60344336,64.95538083,23.06892163,28.2725681,65.71896784,7.373435394,38.40146779
Lentil (Masur)(Whole),Kabuli Channa(Chickpeas-White),14.20892067,73.85187462,22.67293492,18.72614047,67.44570301,6.617917847,38.19664041
Lentil (Masur)(Whole),Green Gram (Moong)(Whole),6.452052942,64.26854495,15.83200559,20.73898233,60.98244191,6.015140232,53.83928492
Lentil (Masur)(Whole),Green Gram (Moong)(Whole),5.386610188,56.92822052,20.75707522,27.77248276,60.32614762,6.743735511,42.78481635
Lentil (Masur)(Whole),Green Gram (Moong)(Whole),37.05909676,68.55277185,21.79960746,27.76642442,68.31327099,7.125257859,39.47058954
Lentil (Masur)(Whole),Green Gram (Moong)(Whole),12.27021716,79.56213354,21.78170962,22.38546975,67.59532939,7.194323068,47.78982212
Lentil (Masur)(Whole),Green Gram (Moong)(Whole),37.86082906,66.4973723,15.5424679,20.52694825,60.90512872,6.345198431,46.8121057
Lentil (Masur)(Whole),Green Gram (Moong)(Whole),17.59992637,61.37689276,24.49887618,28.62837061,66.11658929,7.77705581,41.77490543
Lentil (Masur)(Whole),Green Gram (Moong)(Whole),21.66526759,68.40514816,23.38925226,21.45489946,69.91078143,6.089372176,52.82074132
Lentil (Masur)(Whole),Green Gram (Moong)(Whole),12.67138714,66.32423867,17.8256518,21.80185089,60.39827379,6.78618124,38.38345973
Lentil (Masur)(Whole),Green Gram (Moong)(Whole),6.990471996,79.99527375,23.9923722,18.80665755,61.1257118,6.43626587,41.72108803
Lentil (Masur)(Whole),Green Gram (Moong)(Whole),15.09576017,56.09240364,24.86000308,23.4542108,61.35412577,6.72848986,37.03923289
Lentil (Masur)(Whole),Green Gram (Moong)(Whole),9.613078461,78.4777027,24.09723523,25.67971622,61.03578614,6.452524878,54.72563542
Lentil (Masur)(Whole),Green Gram (Moong)(Whole),37.27642478,61.03112153,15.32111424,21.74427661,62.30291491,6.434019513,51.20456985
Lentil (Masur)(Whole),Green Gram (Moong)(Whole),25.70460959,77.04775225,24.24915031,23.44852232,62.62526361,6.953110334,48.15562543
Lentil (Masur)(Whole),Green Gram (Moong)(Whole),17.18340829,75.24251893,19.31348118,23.07974683,68.76927177,5.979713478,50.92167853
Lentil (Masur)(Whole),Green Gram (Moong)(Whole),8.996232602,74.9289131,15.0972289,23.41165265,61.30389512,7.535681005,54.35777512
Lentil (Masur)(Whole),Green Gram (Moong)(Whole),6.724183675,67.39713462,18.80135584,19.26655084,60.72236132,6.351087675,52.06388382
Lentil (Masur)(Whole),Green Gram (Moong)(Whole),16.55413353,76.91968887,15.04608187,24.98753433,65.3180259,6.233433551,48.54396569
Lentil (Masur)(Whole),Green Gram (Moong)(Whole),25.93019049,61.45029862,20.70003833,20.23844145,64.52034472,6.715700486,46.63804274
Lentil (Masur)(Whole),Green Gram (Moong)(Whole),19.58162262,69.00891466,24.91957897,23.52886958,63.39209032,7.31576614,47.60914983
Lentil (Masur)(Whole),Green Gram (Moong)(Whole),23.82938061,61.66565808,20.21204931,21.97940818,66.85372952,6.950012257,41.7897235
Lentil (Masur)(Whole),Green Gram (Moong)(Whole),1.08047841,66.21093665,22.97876506,27.09233455,68.94038846,6.09121373,47.22778167
Lentil (Masur)(Whole),Green Gram (Moong)(Whole),18.42255914,56.66511755,24.34340722,25.81384399,67.56063455,7.278588947,49.37862894
Lentil (Masur)(Whole),Green Gram (Moong)(Whole),5.52090919,67.56110448,16.49628916,28.60900936,68.03307627,6.96584698,53.24210736
Lentil (Masur)(Whole),Green Gram (Moong)(Whole),28.44507487,55.02475784,19.76444456,28.72636898,65.92051415,6.961197599,41.95155234
Lentil (Masur)(Whole),Green Gram (Moong)(Whole),22.37205154,59.38572857,19.05151797,24.39843772,68.68157076,7.556514935,54.26808336
Lentil (Masur)(Whole),Green Gram (Moong)(Whole),35.87504778,79.9258087,22.42244217,24.10821942,64.36023694,7.752871723,38.1403619
Lentil (Masur)(Whole),Green Gram (Moong)(Whole),26.03118969,77.95595682,19.53621548,24.16540369,61.61347674,7.611183124,51.86844081
Lentil (Masur)(Whole),Green Gram (Moong)(Whole),24.42709141,62.04099803,20.75659419,22.34898017,67.26242394,6.123754651,53.5413178
Lentil (Masur)(Whole),Green Gram (Moong)(Whole),9.06006813,74.0413454,18.53039608,25.39443595,62.64690078,7.419781859,38.86445577
Lentil (Masur)(Whole),Green Gram (Moong)(Whole),24.8655558,56.10251314,23.1845349,27.58363538,65.67398818,7.256147976,49.29306671
Lentil (Masur)(Whole),Green Gram (Moong)(Whole),25.09459595,65.47315398,15.30984622,25.95740632,67.40686878,6.436602049,36.74730126
Lentil (Masur)(Whole),Green Gram (Moong)(Whole),36.09717222,75.41813774,18.36129886,24.47830158,67.34369659,7.126819963,49.91650375
Lentil (Masur)(Whole),Green Gram (Moong)(Whole),25.69392823,69.61115709,16.4841252,26.07225952,66.36906603,6.836270405,40.92017751
Lentil (Masur)(Whole),Green Gram (Moong)(Whole),6.47086367,69.90170567,20.24828647,24.1522234,64.47883949,5.941216503,44.77604519
Lentil (Masur)(Whole),Green Gram (Moong)(Whole),35.8601187,62.06604117,15.95757207,23.65469897,68.39142056,6.115805301,36.7869935
Lentil (Masur)(Whole),Green Gram (Moong)(Whole),4.954225522,75.70112856,23.05260334,18.39468745,69.37334123,6.287682107,37.74123715
Lentil (Masur)(Whole),Green Gram (Moong)(Whole),39.76889245,62.00794669,21.08342169,20.82425937,66.61199649,6.373898955,48.31270584
Lentil (Masur)(Whole),Green Gram (Moong)(Whole),32.21279795,67.89228945,21.00346047,26.99408669,62.22542325,6.134462597,38.55963979
Lentil (Masur)(Whole),Green Gram (Moong)(Whole),38.12360518,71.53911313,21.18075863,26.40052854,67.44869803,6.799815591,44.50563842
Lentil (Masur)(Whole),Green Gram (Moong)(Whole),16.44329425,65.62520336,15.61030956,21.57308558,61.18359275,7.726030704,53.35808979
Lentil (Masur)(Whole),Green Gram (Moong)(Whole),21.23610812,63.82925749,24.66209833,26.51466968,65.19642475,6.713867505,46.95818504
Lentil (Masur)(Whole),Green Gram (Moong)(Whole),18.82808028,63.72189206,16.79507297,22.48428447,69.73812702,7.422539102,39.30628907
Lentil (Masur)(Whole),Green Gram (Moong)(Whole),32.06816636,63.8924005,18.83815786,20.53325523,66.98658365,7.695999633,43.13960594
Lentil (Masur)(Whole),Green Gram (Moong)(Whole),32.47432873,64.19624864,24.8924459,23.74117354,62.52377251,7.557750654,37.99784912
Lentil (Masur)(Whole),Green Gram (Moong)(Whole),34.30666203,69.7477911,19.76507949,24.65768735,67.71861148,7.697815569,49.48891174
Lentil (Masur)(Whole),Green Gram (Moong)(Whole),21.40095942,59.53071011,22.96350247,26.45421507,63.87720566,7.354053399,38.49471826
Lentil (Masur)(Whole),Green Gram (Moong)(Whole),20.91213324,68.39050045,21.25365516,24.89706366,65.97449909,7.066373297,38.30229105
Lentil (Masur)(Whole),Green Gram (Moong)(Whole),27.21760406,74.32581041,17.96655382,21.8311447,67.62789043,6.161262309,46.43108821
Lentil (Masur)(Whole),Green Gram (Moong)(Whole),20.68249398,73.29767602,20.09119762,23.04066175,67.68421136,7.26738428,53.15635212
Lentil (Masur)(Whole),Green Gram (Moong)(Whole),20.72910925,56.41124332,20.76011936,25.33607762,68.51841545,7.630377922,47.85254116
Lentil (Masur)(Whole),Green Gram (Moong)(Whole),2.924497964,75.06198508,15.4550387,28.12857805,62.70775866,6.796774584,36.89560772
Lentil (Masur)(Whole),Green Gram (Moong)(Whole),2.655973372,65.75773517,24.55099795,21.14838357,66.65029837,6.411273818,44.0584206
Lentil (Masur)(Whole),Green Gram (Moong)(Whole),3.452260941,59.25415232,19.29385063,27.58890894,68.66621925,7.620458722,54.6855775
Lentil (Masur)(Whole),Green Gram (Moong)(Whole),31.68503358,57.24223863,19.18207814,22.17767271,66.54883905,7.033989599,47.72743243
Lentil (Masur)(Whole),Green Gram (Moong)(Whole),1.022446351,76.74312716,16.14965785,25.32353414,65.45136862,6.364607259,48.00903271
Lentil (Masur)(Whole),Green Gram (Moong)(Whole),13.05766223,57.56771293,18.61707305,18.47049035,68.83758932,7.728348107,53.98077427
Lentil (Masur)(Whole),Green Gram (Moong)(Whole),7.406851255,67.35067655,23.31832389,28.60225064,68.66545505,6.785823124,36.11374517
Lentil (Masur)(Whole),Green Gram (Moong)(Whole),25.86359861,75.6761984,16.28198439,23.48391324,67.37846286,6.461705363,45.50389107
Lentil (Masur)(Whole),Green Gram (Moong)(Whole),6.994922995,55.52033227,22.90803519,28.20893139,67.0434798,6.750472971,40.3364707
Lentil (Masur)(Whole),Green Gram (Moong)(Whole),7.536534863,75.93585739,22.56564642,21.50672456,63.59429315,6.84910702,43.38025389
Lentil (Masur)(Whole),Green Gram (Moong)(Whole),33.17056624,74.16313738,15.75084697,26.61303551,66.73323294,6.563215327,43.33771309
Lentil (Masur)(Whole),Green Gram (Moong)(Whole),13.05550925,71.54874263,18.4716803,24.79176028,64.90342569,6.860751382,52.59108451
Lentil (Masur)(Whole),Green Gram (Moong)(Whole),17.04098559,67.66080483,19.97671365,28.33577657,65.8212178,6.868664232,53.13622064
Lentil (Masur)(Whole),Green Gram (Moong)(Whole),9.362311429,62.26306034,19.1798316,20.23355122,64.54659806,6.326397756,54.72753901
Lentil (Masur)(Whole),Green Gram (Moong)(Whole),10.70613765,73.055337,17.96286319,20.66803808,61.09147171,5.99222419,41.53308994
Lentil (Masur)(Whole),Green Gram (Moong)(Whole),23.23468383,72.20139569,15.16155479,20.77329255,67.8453023,6.924055888,42.7233021
Lentil (Masur)(Whole),Green Gram (Moong)(Whole),6.443748491,57.49062761,21.81253283,22.48992799,68.85718612,6.560356351,40.9965907
Lentil (Masur)(Whole),Green Gram (Moong)(Whole),23.4288224,75.82069809,16.06802747,20.23289861,60.06756536,6.045095541,47.04744964
Lentil (Masur)(Whole),Green Gram (Moong)(Whole),10.54360991,79.41861874,18.80951879,25.97307339,69.47649553,5.938475846,43.96056627
Lentil (Masur)(Whole),Green Gram (Moong)(Whole),7.677656165,71.83336325,16.89865747,28.55414914,60.25303437,7.401253376,48.08452112
Lentil (Masur)(Whole),Green Gram (Moong)(Whole),31.91409396,63.97262194,21.13462253,19.48133136,65.35538117,6.061543003,44.78050647
Lentil (Masur)(Whole),Green Gram (Moong)(Whole),26.28437674,70.24026236,19.69511961,27.43727186,67.58548659,7.24968274,45.95731156
Lentil (Masur)(Whole),Green Gram (Moong)(Whole),29.8619779,58.02104812,18.97184806,21.71306652,62.92977484,6.295538774,35.11203343
Lentil (Masur)(Whole),Green Gram (Moong)(Whole),7.587470186,61.69811406,17.26169078,22.52355032,62.07213143,6.552813705,51.09245192
Lentil (Masur)(Whole),Green Gram (Moong)(Whole),35.17641488,68.53791246,16.01842825,22.34376298,62.45693681,6.805380491,49.15301664
Lentil (Masur)(Whole),Green Gram (Moong)(Whole),19.78089584,79.776331,22.10037347,19.64883386,62.99419222,6.198268429,41.65787454
Lentil (Masur)(Whole),Green Gram (Moong)(Whole),37.35807225,73.57733288,15.60123239,24.9624739,62.33549853,7.56204606,54.22239565
Lentil (Masur)(Whole),Green Gram (Moong)(Whole),27.52881597,75.50467992,16.70614835,26.3553192,69.89733094,7.345369398,49.41418347
Lentil (Masur)(Whole),Green Gram (Moong)(Whole),35.60787975,73.17527978,20.36824251,18.64989338,61.00927817,6.877314201,36.31240421
Lentil (Masur)(Whole),Green Gram (Moong)(Whole),16.78766366,78.29514899,23.54571677,21.46411707,65.41279209,7.567527429,41.37664942
Lentil (Masur)(Whole),Green Gram (Moong)(Whole),10.6182125,59.89572726,23.4469572,26.13651534,61.45727007,7.70289533,45.2523372
Lentil (Masur)(Whole),Green Gram (Moong)(Whole),28.56573946,60.52102192,15.35814232,28.55063177,68.62661231,7.680374794,48.08702268
Lentil (Masur)(Whole),Green Gram (Moong)(Whole),19.93121293,79.29150816,19.2833548,23.28061082,69.0446095,6.355028958,44.97065859
Lentil (Masur)(Whole),Green Gram (Moong)(Whole),29.77542944,65.28529699,18.99903011,20.50320175,67.63201842,6.73907029,46.96968358
Lentil (Masur)(Whole),Green Gram (Moong)(Whole),36.82764318,55.28499499,22.69830223,23.03659499,62.76617612,6.958811565,44.86703868
Lentil (Masur)(Whole),Green Gram (Moong)(Whole),37.1272575,70.59881077,16.98754715,18.35565584,64.67640982,7.531368844,35.12199159
Lentil (Masur)(Whole),Green Gram (Moong)(Whole),1.204976312,56.30928314,19.58688887,19.84661302,67.77994155,6.037024787,43.08100369
Lentil (Masur)(Whole),Green Gram (Moong)(Whole),20.07147,63.51601532,19.85238937,26.59234507,63.90244186,6.737049189,40.82638119
Lentil (Masur)(Whole),Green Gram (Moong)(Whole),4.854899562,58.10189745,18.98468685,25.08600076,60.73965216,7.758237247,35.2337417
Lentil (Masur)(Whole),Green Gram (Moong)(Whole),30.88960408,64.57606676,15.22076452,23.66920091,60.97021723,7.159455551,37.69196975
Lentil (Masur)(Whole),Green Gram (Moong)(Whole),2.733769146,75.34653097,24.0329452,19.20755755,62.3626669,6.63207172,38.28673726
Lentil (Masur)(Whole),Green Gram (Moong)(Whole),22.8520518,78.79995729,18.43274878,25.89490848,64.87145668,7.567675808,48.89796206
Lentil (Masur)(Whole),Green Gram (Moong)(Whole),35.63889994,59.90606433,15.06129069,22.20605742,67.3642345,7.791004952,39.87444696
Lentil (Masur)(Whole),Green Gram (Moong)(Whole),3.070967486,63.05589026,18.88446068,19.97088141,67.34034163,6.290325556,35.54415308
Lentil (Masur)(Whole),Green Gram (Moong)(Whole),38.68040758,63.48514043,24.34014667,19.70996019,64.43486492,6.316143578,42.59179686
Lentil (Masur)(Whole),Green Gram (Moong)(Whole),30.98544593,70.76158024,23.3445641,22.58786716,60.75482228,7.579575805,46.96963678
Lentil (Masur)(Whole),Green Gram (Moong)(Whole),32.10094056,63.55111499,17.82827506,28.35873934,66.86891513,7.087140014,43.06732616
Lentil (Masur)(Whole),Green Gram (Moong)(Whole),8.125871631,75.26594783,19.43745737,24.76840111,64.86623582,6.214826136,36.03742113
Lentil (Masur)(Whole),Green Gram (Moong)(Whole),0.795088598,62.94490603,23.23873349,21.42285427,66.49210333,5.918989657,40.4688308
Lentil (Masur)(Whole),Green Gram (Moong)(Whole),20.67068915,59.37523721,16.72570208,27.51656972,68.96561759,7.066885414,52.93057152
Lentil (Masur)(Whole),Pegeon Pea (Arhar Fali),29.41960481,66.6307243,24.04238981,26.70253347,64.10528917,7.36074608,46.68413387
Lentil (Masur)(Whole),Pegeon Pea (Arhar Fali),32.89401819,62.36393055,22.4699576,23.48671351,62.15368194,7.707501223,51.51364097
Lentil (Masur)(Whole),Pegeon Pea (Arhar Fali),0.008722946,73.57759312,17.91160643,25.30490371,61.40782174,7.286894405,36.4293948
Lentil (Masur)(Whole),Pegeon Pea (Arhar Fali),1.210526544,70.56304663,23.75168387,24.54682885,65.60509159,6.679401288,41.77196427
Lentil (Masur)(Whole),Pegeon Pea (Arhar Fali),27.19399515,65.67979953,16.801891,24.8855334,63.71106561,5.930122987,35.49368818
Lentil (Masur)(Whole),Pegeon Pea (Arhar Fali),0.621925732,65.84346219,17.21685774,25.9986317,64.03479162,6.179960217,40.32282486
Lentil (Masur)(Whole),Pegeon Pea (Arhar Fali),13.15472119,65.67687979,24.62480657,21.91357493,69.74384421,6.606026081,46.98152789
Lentil (Masur)(Whole),Pegeon Pea (Arhar Fali),37.25293616,65.86459287,22.86173036,19.43008063,69.40887024,7.178144802,35.16619135
Lentil (Masur)(Whole),Pegeon Pea (Arhar Fali),39.82566542,73.64678464,19.9043721,25.9898905,69.52461167,6.423428349,53.00556973
Lentil (Masur)(Whole),Pegeon Pea (Arhar Fali),2.679561824,64.35428698,19.02217102,22.6549518,60.3665027,7.297422131,51.40425454
Lentil (Masur)(Whole),Pegeon Pea (Arhar Fali),24.19478665,71.68076785,22.33573793,19.62139284,69.27224383,7.294170566,54.31704217
Lentil (Masur)(Whole),Pegeon Pea (Arhar Fali),35.0975769,68.45989845,20.57048159,19.50899352,68.22729262,7.569304553,44.55856481
Lentil (Masur)(Whole),Pegeon Pea (Arhar Fali),14.45417122,61.55557382,18.7486357,24.24420151,65.41152577,6.005410944,46.7316258
Lentil (Masur)(Whole),Pegeon Pea (Arhar Fali),22.59782888,60.84213572,17.098521,21.33662727,63.67781456,7.565135598,36.98673582
Lentil (Masur)(Whole),Pegeon Pea (Arhar Fali),34.54470325,57.45288326,24.87627645,25.04205415,66.47762738,6.715272427,46.53326077
Lentil (Masur)(Whole),Pegeon Pea (Arhar Fali),8.486642809,61.48251503,20.36182385,20.92687896,60.96202092,7.572910348,45.9753272
Lentil (Masur)(Whole),Pegeon Pea (Arhar Fali),13.20754735,74.96078138,23.72881484,18.11772583,65.23354255,7.196902589,46.25981187
Lentil (Masur)(Whole),Pegeon Pea (Arhar Fali),27.23631684,64.45162092,18.50586048,20.48198235,65.67916584,6.097446194,45.04849261
Lentil (Masur)(Whole),Pegeon Pea (Arhar Fali),26.64053198,73.80045325,18.47916382,25.81368086,67.16338868,7.685911782,50.24844985
Lentil (Masur)(Whole),Pegeon Pea (Arhar Fali),27.30831881,65.05491681,23.79808806,25.09010521,62.99811041,6.23780398,38.03596136
Lentil (Masur)(Whole),Pegeon Pea (Arhar Fali),30.15684203,64.18798331,24.11463155,28.37926055,69.64513805,6.971633386,38.53522142
Lentil (Masur)(Whole),Pegeon Pea (Arhar Fali),18.06823101,57.29382374,24.16980499,22.4168207,69.34383527,7.144791695,51.00742231
Lentil (Masur)(Whole),Pegeon Pea (Arhar Fali),7.38769095,62.22101354,16.82717739,25.86961407,63.23144868,7.327893063,41.19970828
Lentil (Masur)(Whole),Pegeon Pea (Arhar Fali),8.945176513,71.12836013,21.28699483,19.35424171,66.06737132,6.404573277,42.76375855
Lentil (Masur)(Whole),Pegeon Pea (Arhar Fali),0.302563788,66.33755165,18.2639773,28.27398741,68.88504674,7.754184497,51.03058656
Lentil (Masur)(Whole),Pegeon Pea (Arhar Fali),12.26650932,72.27952297,21.3306909,19.72847161,69.54394245,6.66858475,35.74888279
Lentil (Masur)(Whole),Pegeon Pea (Arhar Fali),38.23319633,60.99638423,20.31150877,22.53355281,60.31440727,6.496668158,50.84053125
Lentil (Masur)(Whole),Pegeon Pea (Arhar Fali),25.39867366,57.0499298,24.23821458,22.27413783,65.77743042,7.118751201,51.33512394
Lentil (Masur)(Whole),Pegeon Pea (Arhar Fali),13.91729273,67.49185231,20.73509137,27.10184321,65.95424474,7.018311047,40.57981916
Lentil (Masur)(Whole),Pegeon Pea (Arhar Fali),22.052087,67.38074404,24.53343921,24.43538312,62.10813582,7.41104227,41.3387932
Lentil (Masur)(Whole),Pegeon Pea (Arhar Fali),28.74017429,68.60469958,20.116364,28.72711192,64.51138044,7.563260358,45.57405707
Lentil (Masur)(Whole),Pegeon Pea (Arhar Fali),36.39465422,67.60900848,21.23757479,21.42493808,63.98789622,6.984092662,45.70853247
Lentil (Masur)(Whole),Pegeon Pea (Arhar Fali),39.16119304,69.872438,15.2744929,26.03924179,61.33489053,7.601020865,47.11891473
Lentil (Masur)(Whole),Pegeon Pea (Arhar Fali),26.77360532,71.71948703,19.85125238,24.84817096,65.53534883,6.018220252,49.01546585
Lentil (Masur)(Whole),Pegeon Pea (Arhar Fali),10.81475235,56.34306577,20.33764924,23.121713,63.76875823,7.370902511,35.17692206
Lentil (Masur)(Whole),Pegeon Pea (Arhar Fali),38.88654063,61.32665885,21.25028551,18.91775105,69.81477407,5.904498857,40.48375948
Lentil (Masur)(Whole),Pegeon Pea (Arhar Fali),26.2220792,60.64570082,15.95820691,21.30287157,65.20304031,6.472223803,40.49567124
Lentil (Masur)(Whole),Pegeon Pea (Arhar Fali),20.10344628,68.63187698,16.05574337,19.62559052,61.80888918,7.083447888,47.92359916
Lentil (Masur)(Whole),Pegeon Pea (Arhar Fali),30.21689204,64.67693545,19.8701489,23.4700068,63.85682033,6.686737493,49.8684841
Lentil (Masur)(Whole),Pegeon Pea (Arhar Fali),9.309315412,65.00832752,23.27270597,28.85480796,64.69247634,7.740044671,51.73512395
Lentil (Masur)(Whole),Pegeon Pea (Arhar Fali),2.896424787,68.23519038,15.67347128,24.93976628,60.53557602,6.006950177,37.96001424
Lentil (Masur)(Whole),Pegeon Pea (Arhar Fali),38.72972174,63.79396664,16.20946583,28.73358313,60.8139915,6.247922823,50.79611578
Lentil (Masur)(Whole),Pegeon Pea (Arhar Fali),11.83990637,59.18491611,20.99263932,20.51867762,67.74392797,7.021284881,45.75055782
Lentil (Masur)(Whole),Pegeon Pea (Arhar Fali),38.18625421,66.53417217,19.86624895,20.00432349,66.62573842,6.632758226,44.61304954
Lentil (Masur)(Whole),Pegeon Pea (Arhar Fali),11.16330798,59.85047206,16.95833015,20.9936066,63.17456895,6.083296358,41.69454847
Lentil (Masur)(Whole),Pegeon Pea (Arhar Fali),3.835659769,66.09403655,22.78777546,27.16873498,63.53767294,6.421805135,45.61173101
Lentil (Masur)(Whole),Pegeon Pea (Arhar Fali),19.60444004,68.3506687,21.74755839,20.76446547,68.09623025,7.238908588,35.55957451
Lentil (Masur)(Whole),Pegeon Pea (Arhar Fali),26.23869744,57.37083718,16.9004793,27.70972039,64.83157808,7.39861142,52.92217
Lentil (Masur)(Whole),Pegeon Pea (Arhar Fali),36.16691142,55.47354617,18.04005825,22.99279707,60.13511871,7.217105694,50.23751064
Lentil (Masur)(Whole),Pegeon Pea (Arhar Fali),16.4520816,70.53589782,20.73208756,20.17002013,67.79895262,7.249012882,42.12747555
Lentil (Masur)(Whole),Pegeon Pea (Arhar Fali),6.285029562,57.96013276,22.33053288,28.80267596,65.19914102,6.272365288,48.94198344
Lentil (Masur)(Whole),Pegeon Pea (Arhar Fali),4.097315659,73.94562407,23.37348892,22.54422777,66.01931492,7.146962733,46.70662222
Lentil (Masur)(Whole),Pegeon Pea (Arhar Fali),39.96107389,70.36192205,16.13323715,27.47101895,66.63003826,7.308377969,42.85663247
Lentil (Masur)(Whole),Pegeon Pea (Arhar Fali),1.721587131,67.58978543,24.58696609,25.41625015,68.90569956,6.567083264,46.96218684
Lentil (Masur)(Whole),Pegeon Pea (Arhar Fali),18.92886875,58.9097423,22.30915214,22.54453589,68.78709176,6.98646964,44.18772829
Lentil (Masur)(Whole),Pegeon Pea (Arhar Fali),23.74315337,57.84432423,19.76151906,27.48359621,63.06560728,6.327114824,42.71811637
Lentil (Masur)(Whole),Pegeon Pea (Arhar Fali),5.427901549,69.389152,20.96764958,24.47091257,69.79827829,7.71713686,48.62844127
Lentil (Masur)(Whole),Pegeon Pea (Arhar Fali),23.68528792,60.05843317,18.38926981,19.35503978,69.52578289,6.637394448,37.67157185
Lentil (Masur)(Whole),Pegeon Pea (Arhar Fali),28.53654256,60.63567103,24.61181755,21.15464521,66.88599275,7.698785151,54.38411175
Lentil (Masur)(Whole),Pegeon Pea (Arhar Fali),27.25249954,56.58134323,18.87596431,23.88195568,63.26953829,6.863759243,35.49463623
Lentil (Masur)(Whole),Pegeon Pea (Arhar Fali),1.061993456,65.47372349,19.31024821,22.17618307,68.70598017,7.737360375,38.34816829
Lentil (Masur)(Whole),Pegeon Pea (Arhar Fali),31.57137608,66.64579902,20.27162794,19.62438746,65.50702543,7.026604274,43.23530853
Lentil (Masur)(Whole),Pegeon Pea (Arhar Fali),3.010670225,69.41471148,18.96589689,27.76295814,65.97669618,7.199432177,49.00621724
Lentil (Masur)(Whole),Pegeon Pea (Arhar Fali),22.12578744,62.47575448,16.99098559,18.3212282,64.32604755,7.64682901,35.09518149
Lentil (Masur)(Whole),Pegeon Pea (Arhar Fali),10.43311287,55.4058509,15.43513602,18.42488371,63.26488174,6.702121745,36.06400768
Lentil (Masur)(Whole),Pegeon Pea (Arhar Fali),35.6343571,73.63252523,18.71322716,24.94378358,67.22526645,6.966810129,42.26620626
Lentil (Masur)(Whole),Pegeon Pea (Arhar Fali),29.32922896,65.16435442,23.01084558,26.69763513,61.29622328,5.959202183,37.40052656
Lentil (Masur)(Whole),Pegeon Pea (Arhar Fali),30.05815908,73.37089641,20.0985709,26.30694083,67.71177229,6.418303616,43.54350702
Lentil (Masur)(Whole),Pegeon Pea (Arhar Fali),21.11348365,57.77212056,19.36731127,19.17923524,60.53551944,6.505290519,37.22733861
Lentil (Masur)(Whole),Pegeon Pea (Arhar Fali),9.610432718,56.51838122,18.19478832,22.68480797,61.51804962,7.153436248,51.49761562
Lentil (Masur)(Whole),Pegeon Pea (Arhar Fali),25.10051122,63.04410035,18.02161186,28.3571872,67.0288838,6.058523196,36.17350959
Lentil (Masur)(Whole),Pegeon Pea (Arhar Fali),1.949963578,56.10253551,15.63701607,23.62076372,64.87371682,7.107802265,43.72557575
Lentil (Masur)(Whole),Pegeon Pea (Arhar Fali),9.48855404,63.44667719,19.07185917,24.10201844,68.52453416,7.00633622,38.11087142
Lentil (Masur)(Whole),Pegeon Pea (Arhar Fali),2.118063497,56.39203811,17.43178649,27.70918792,62.04440262,7.717372613,38.10639988
Lentil (Masur)(Whole),Pegeon Pea (Arhar Fali),8.659656248,66.09222071,23.4249737,18.92267278,60.69357255,7.280260795,50.44154497
Lentil (Masur)(Whole),Pegeon Pea (Arhar Fali),0.442694306,62.80465556,23.5354896,23.51182226,61.66114926,7.142553919,38.53105948
Lentil (Masur)(Whole),Pegeon Pea (Arhar Fali),37.09685856,68.71505849,16.49115847,18.48259679,66.55648591,7.668587074,52.13701007
Lentil (Masur)(Whole),Pegeon Pea (Arhar Fali),15.1193515,69.94154741,19.06409504,24.45813222,60.29929577,6.475904553,43.9083734
Lentil (Masur)(Whole),Pegeon Pea (Arhar Fali),6.811490572,71.24195874,17.41455694,25.67975562,66.82403785,7.631021953,49.29719436
Lentil (Masur)(Whole),Pegeon Pea (Arhar Fali),11.95458457,55.77018431,15.47296083,20.41000639,66.28603203,6.533390412,46.86372699
Lentil (Masur)(Whole),Pegeon Pea (Arhar Fali),7.708424568,55.97765846,23.4471537,26.89178419,62.03180971,6.603833971,52.8308324
Lentil (Masur)(Whole),Pegeon Pea (Arhar Fali),6.675294077,55.57681947,23.56929992,28.76594826,63.2319129,6.528864007,39.09305744
Lentil (Masur)(Whole),Pegeon Pea (Arhar Fali),6.527997323,73.25285921,23.68802256,18.12057989,68.13033805,7.309383624,52.70223083
Lentil (Masur)(Whole),Pegeon Pea (Arhar Fali),11.54609385,56.63731973,17.94505994,25.93754627,68.43194253,6.611295456,43.66757323
Lentil (Masur)(Whole),Pegeon Pea (Arhar Fali),37.24054677,57.01541751,15.13172775,26.91030902,68.17031155,6.514459105,48.60538174
Lentil (Masur)(Whole),Pegeon Pea (Arhar Fali),12.92096722,61.77386007,23.82240027,28.77038481,64.5679169,6.249413688,46.83018578
Lentil (Masur)(Whole),Pegeon Pea (Arhar Fali),32.57423539,69.0840883,20.90883319,25.9735457,62.54013019,6.082385868,52.6162496
Lentil (Masur)(Whole),Pegeon Pea (Arhar Fali),5.971059336,61.08139562,16.29281291,18.51166524,64.37353799,7.48227235,49.81046487
Lentil (Masur)(Whole),Pegeon Pea (Arhar Fali),31.11548337,62.0090992,16.10081181,21.7890851,67.58170908,6.484643645,48.27599249
Lentil (Masur)(Whole),Pegeon Pea (Arhar Fali),36.55860857,60.74060947,20.81879399,20.56726778,64.36358391,7.09952643,50.97286819
Lentil (Masur)(Whole),Pegeon Pea (Arhar Fali),26.10040875,58.3110146,20.70711617,23.67356638,68.82675792,5.907989076,39.05309705
Lentil (Masur)(Whole),Pegeon Pea (Arhar Fali),27.04901509,62.71809881,17.03102304,22.67103988,61.27376301,6.425279776,40.20179187
Lentil (Masur)(Whole),Pegeon Pea (Arhar Fali),10.93167243,71.70405533,24.65632087,18.58925064,65.65204106,6.153661121,52.38637782
Lentil (Masur)(Whole),Pegeon Pea (Arhar Fali),28.54270607,63.10136459,21.73446541,18.45242914,69.55264422,5.923654593,47.67432458
Lentil (Masur)(Whole),Pegeon Pea (Arhar Fali),23.5945847,71.6104011,23.26482889,21.08785822,62.4659449,6.609134311,43.98668446
Lentil (Masur)(Whole),Pegeon Pea (Arhar Fali),18.63691872,71.62212665,20.72973578,22.16752665,66.0240088,7.190263414,37.45377496
Lentil (Masur)(Whole),Pegeon Pea (Arhar Fali),3.022247864,65.3232185,21.78567059,22.02539008,62.84444564,7.20863272,50.02907514
Lentil (Masur)(Whole),Pegeon Pea (Arhar Fali),8.309600076,74.58838877,24.48046818,22.18653386,64.33754977,7.012152698,38.62937592
Lentil (Masur)(Whole),Pegeon Pea (Arhar Fali),39.48939088,56.69124431,15.66253909,20.80441508,66.11543358,6.207918476,52.03514142
Lentil (Masur)(Whole),Pegeon Pea (Arhar Fali),18.29161197,69.68624923,17.83692596,27.50814842,67.33386477,6.37393194,45.21345508
Lentil (Masur)(Whole),Black Gram Dal (Urd Dal),16.67716518,68.89767242,18.64456713,25.90496461,67.42220937,6.927707349,41.44160658
Lentil (Masur)(Whole),Black Gram Dal (Urd Dal),6.750262372,70.65299868,17.26801446,26.19782846,62.03891679,7.357748377,49.28157818
Lentil (Masur)(Whole),Black Gram Dal (Urd Dal),22.86578486,57.54950161,17.33684461,27.97392551,62.13808022,7.14722887,37.34562553
Lentil (Masur)(Whole),Black Gram Dal (Urd Dal),5.334431477,66.06891366,23.32638185,25.49861719,62.76373173,6.09312807,35.52124572
Lentil (Masur)(Whole),Black Gram Dal (Urd Dal),28.81037529,73.98476693,19.5362123,26.22780501,65.89481329,7.259277251,53.22723467
Lentil (Masur)(Whole),Black Gram Dal (Urd Dal),2.438062783,68.25528693,15.44404225,28.93371425,63.97508359,6.421354104,36.61726788
Lentil (Masur)(Whole),Black Gram Dal (Urd Dal),16.45597166,68.85670854,16.55549874,26.36585544,69.95790991,6.800509573,44.68802478
Lentil (Masur)(Whole),Black Gram Dal (Urd Dal),34.62585281,68.27878499,19.8740689,21.3847952,64.07711226,6.357456217,52.01621329
Lentil (Masur)(Whole),Black Gram Dal (Urd Dal),24.60599873,55.48714143,22.62574098,24.35771789,67.91240386,7.438583514,42.17755327
Lentil (Masur)(Whole),Black Gram Dal (Urd Dal),14.49218352,62.962658,23.47682,18.71536846,67.54776907,6.316562393,53.79464898
Lentil (Masur)(Whole),Black Gram Dal (Urd Dal),33.83880818,74.33819726,22.10757528,25.48807381,67.81651676,7.39758904,49.93730577
Lentil (Masur)(Whole),Black Gram Dal (Urd Dal),16.03065019,57.06782592,19.94852902,26.13394365,61.85087544,6.703053965,46.26372618
Lentil (Masur)(Whole),Black Gram Dal (Urd Dal),8.437267894,62.68746822,23.4757231,22.81635602,67.55904941,7.606651727,39.8189951
Lentil (Masur)(Whole),Black Gram Dal (Urd Dal),23.64097086,70.2328883,18.31898998,21.68369537,60.09647575,6.710013022,45.4617899
Lentil (Masur)(Whole),Black Gram Dal (Urd Dal),12.63281438,62.40925399,24.86027859,19.35976268,64.67686798,6.278671424,40.8173491
Lentil (Masur)(Whole),Black Gram Dal (Urd Dal),31.37397492,66.01062988,20.20149058,20.44633004,60.82964467,7.277987284,41.894443
Lentil (Masur)(Whole),Black Gram Dal (Urd Dal),26.56976816,59.04412501,15.82316615,23.12487206,62.93205481,6.482056126,48.4311513
Lentil (Masur)(Whole),Black Gram Dal (Urd Dal),21.33470515,69.80807399,20.21534931,18.05334126,64.63090966,6.046238545,35.37409583
Lentil (Masur)(Whole),Black Gram Dal (Urd Dal),3.853958896,67.58160667,21.82793683,20.41027793,69.68989746,6.267485742,46.25161062
Lentil (Masur)(Whole),Black Gram Dal (Urd Dal),10.34253469,56.9111611,22.60769231,26.30538606,63.32969447,7.018073593,37.38327793
Lentil (Masur)(Whole),Black Gram Dal (Urd Dal),13.36362194,55.65449435,22.72475934,28.5300976,61.52331643,7.481518804,45.03282617
Lentil (Masur)(Whole),Black Gram Dal (Urd Dal),32.50229575,62.72202611,22.12016085,26.86342872,68.81474579,6.68393623,46.06096445
Lentil (Masur)(Whole),Black Gram Dal (Urd Dal),17.76694182,68.12733387,22.6787065,22.1041715,65.21869367,7.090302667,53.79077737
Lentil (Masur)(Whole),Black Gram Dal (Urd Dal),26.09477164,58.55258812,16.35992959,21.36078301,69.01698675,6.661590185,51.6781044
Lentil (Masur)(Whole),Black Gram Dal (Urd Dal),12.98994917,61.23844904,22.67965554,26.04879134,69.10576988,7.774261079,40.73540278
Lentil (Masur)(Whole),Black Gram Dal (Urd Dal),31.49714085,62.55029154,18.67541123,23.36584587,68.234088,7.746712222,48.13709686
Lentil (Masur)(Whole),Black Gram Dal (Urd Dal),5.401688011,73.99378611,15.91120784,23.2511367,64.24359827,5.928821559,45.34668292
Lentil (Masur)(Whole),Black Gram Dal (Urd Dal),32.7011669,62.66558772,24.76728404,20.44699087,63.64476428,7.633462477,50.32752023
Lentil (Masur)(Whole),Black Gram Dal (Urd Dal),17.70882333,59.62488447,23.71889249,20.00942716,65.49306876,6.417659525,42.35495354
Lentil (Masur)(Whole),Black Gram Dal (Urd Dal),26.07202835,70.48352046,17.54731011,20.34672942,69.46302894,7.596072776,35.61700092
Lentil (Masur)(Whole),Black Gram Dal (Urd Dal),1.542013691,74.20357758,20.47398236,21.33965107,68.79847022,6.434171188,53.24344071
Lentil (Masur)(Whole),Black Gram Dal (Urd Dal),18.86999314,55.75797267,15.56062271,28.32321841,63.07869139,7.702309398,37.88999046
Lentil (Masur)(Whole),Black Gram Dal (Urd Dal),4.980779491,70.01595707,15.22136458,22.76995033,69.08337214,6.298178071,51.16524687
Lentil (Masur)(Whole),Black Gram Dal (Urd Dal),4.640051653,62.03191395,16.94208315,24.61522802,62.22494244,6.646834568,42.69789682
Lentil (Masur)(Whole),Black Gram Dal (Urd Dal),24.32995347,58.66104099,16.87587791,28.52985801,61.41296776,7.191099918,40.83105914
Lentil (Masur)(Whole),Black Gram Dal (Urd Dal),30.56545475,57.97723106,23.9000758,22.83758344,62.37947263,7.324345594,37.6660192
Lentil (Masur)(Whole),Black Gram Dal (Urd Dal),16.60191461,68.6681713,19.51673897,21.09746914,61.61589411,6.985687524,46.4752162
Lentil (Masur)(Whole),Black Gram Dal (Urd Dal),17.60864237,55.2786159,16.47877938,23.03802724,65.43408061,6.756160843,38.15342116
Lentil (Masur)(Whole),Black Gram Dal (Urd Dal),2.050737989,68.27977204,19.91669755,19.89922378,65.10284651,6.673986642,46.76759977
Lentil (Masur)(Whole),Black Gram Dal (Urd Dal),24.47199462,57.19330236,18.77967178,25.291267,62.24310425,7.277738217,36.28918089
Lentil (Masur)(Whole),Black Gram Dal (Urd Dal),16.75917941,73.73405735,19.54110643,18.43698747,66.72392803,6.642829296,53.36949575
Lentil (Masur)(Whole),Black Gram Dal (Urd Dal),10.90784907,64.81356758,20.67993979,25.47739582,63.71090556,6.695414278,50.75675672
Lentil (Masur)(Whole),Black Gram Dal (Urd Dal),12.5579976,60.66446307,23.57723511,18.24648908,67.6457993,5.932561093,35.64865184
Lentil (Masur)(Whole),Black Gram Dal (Urd Dal),26.89781462,59.07124611,24.32478571,20.1315751,60.83837966,7.223717254,40.43318364
Lentil (Masur)(Whole),Black Gram Dal (Urd Dal),10.15069766,64.81399929,23.75536866,28.40080906,61.16790525,6.972046801,41.82165084
Lentil (Masur)(Whole),Black Gram Dal (Urd Dal),21.28633232,55.91797379,21.82361623,25.38438401,61.15242768,7.270070325,51.75402841
Lentil (Masur)(Whole),Black Gram Dal (Urd Dal),25.91452792,57.16351866,15.42503011,27.80397601,60.40338761,6.982237816,35.74811774
Lentil (Masur)(Whole),Black Gram Dal (Urd Dal),17.28792725,72.56429879,20.09465668,22.12385076,64.45747117,6.638144902,46.26716685
Lentil (Masur)(Whole),Black Gram Dal (Urd Dal),28.50550837,73.49280887,18.56089077,20.97605072,65.07088717,6.998996967,46.67628675
Lentil (Masur)(Whole),Black Gram Dal (Urd Dal),7.030115879,63.79060084,17.57059586,28.17969057,64.44655519,6.999354113,49.52955016
Lentil (Masur)(Whole),Black Gram Dal (Urd Dal),16.36823105,60.62817245,17.54841743,22.56970275,66.85992269,7.579551489,49.70416162
Lentil (Masur)(Whole),Black Gram Dal (Urd Dal),23.4457429,66.43608683,19.84601108,21.88859543,64.39729438,6.548739656,38.27817345
Lentil (Masur)(Whole),Black Gram Dal (Urd Dal),21.93373181,71.44517248,17.36298471,23.50300008,66.9976692,5.991356308,44.31616972
Lentil (Masur)(Whole),Black Gram Dal (Urd Dal),22.87844795,66.80273874,22.66880738,21.8289302,69.22169525,6.01588212,37.27924049
Lentil (Masur)(Whole),Black Gram Dal (Urd Dal),33.34679617,61.72561132,16.45849446,19.6343678,66.08063508,7.737990489,35.13283751
Lentil (Masur)(Whole),Black Gram Dal (Urd Dal),26.13757319,62.66014241,16.71046926,19.02320852,68.43793858,7.718358456,45.03781468
Lentil (Masur)(Whole),Black Gram Dal (Urd Dal),4.721950651,55.85135915,17.15483503,19.54491026,60.36280045,6.10843118,44.53257402
Lentil (Masur)(Whole),Black Gram Dal (Urd Dal),4.862954333,71.66823595,24.28000509,27.48105678,66.45840139,7.641864879,50.10142802
Lentil (Masur)(Whole),Black Gram Dal (Urd Dal),3.930994474,64.5335189,17.04380465,18.54330313,67.98179321,7.635987438,50.66065957
Lentil (Masur)(Whole),Black Gram Dal (Urd Dal),26.03105867,67.29154534,15.03649171,18.78398977,67.54999792,5.953450053,37.02681038
Lentil (Masur)(Whole),Black Gram Dal (Urd Dal),10.55754628,58.06783176,19.01885539,18.66568065,68.20077824,7.083950085,50.49059912
Lentil (Masur)(Whole),Black Gram Dal (Urd Dal),23.213144,62.30848868,18.5395801,23.53135639,60.4076198,7.472304762,35.03980457
Lentil (Masur)(Whole),Black Gram Dal (Urd Dal),31.35297306,70.70443984,16.46779543,22.20659563,64.27979232,7.100363799,45.41347394
Lentil (Masur)(Whole),Black Gram Dal (Urd Dal),14.61489939,67.62493929,19.22797943,22.75720704,65.8176379,5.974348658,42.73387105
Lentil (Masur)(Whole),Black Gram Dal (Urd Dal),29.45647833,73.98895381,19.99648153,25.89536691,60.00037817,6.403347462,48.62986316
Lentil (Masur)(Whole),Black Gram Dal (Urd Dal),18.17322729,69.10500588,17.38431873,19.05548435,60.60022088,6.169229055,42.3898248
Lentil (Masur)(Whole),Black Gram Dal (Urd Dal),3.923763108,68.11682778,22.32781865,23.32390478,66.74941887,6.883393368,37.16093041
Lentil (Masur)(Whole),Black Gram Dal (Urd Dal),1.877181691,70.71590521,23.79947234,18.70709658,63.66033471,6.037123989,43.60724473
Lentil (Masur)(Whole),Black Gram Dal (Urd Dal),21.12493384,58.17905969,17.93075895,19.87343777,67.39640861,6.199860837,50.00305938
Lentil (Masur)(Whole),Black Gram Dal (Urd Dal),13.34830311,68.30170867,20.89956643,22.89751645,63.9340898,6.432307612,35.42222768
Lentil (Masur)(Whole),Black Gram Dal (Urd Dal),22.74231003,67.80474819,21.69374556,22.40613855,65.84987247,6.949897746,45.28783115
Lentil (Masur)(Whole),Black Gram Dal (Urd Dal),12.31534541,68.02567833,22.09927435,21.5896381,69.66722865,6.937674633,39.53344354
Lentil (Masur)(Whole),Black Gram Dal (Urd Dal),20.54765308,70.30247009,16.15466465,27.77503676,62.27351035,7.482998948,36.61268536
Lentil (Masur)(Whole),Black Gram Dal (Urd Dal),20.26802801,55.44802606,20.51097967,19.28725626,69.04459861,7.312122129,53.66455078
Lentil (Masur)(Whole),Black Gram Dal (Urd Dal),4.871250865,65.75175758,23.70631658,18.20176372,68.82084332,7.214723552,42.0966855
Lentil (Masur)(Whole),Black Gram Dal (Urd Dal),19.64424339,69.85946497,18.4030942,19.12358686,62.93374342,6.360283421,37.48033351
Lentil (Masur)(Whole),Black Gram Dal (Urd Dal),27.3458942,57.06393462,19.64212851,21.74664641,66.43133153,6.842104726,45.59903002
Lentil (Masur)(Whole),Black Gram Dal (Urd Dal),32.55826068,74.22130145,21.78640291,20.19361671,68.56479203,7.044296719,49.47598919
Lentil (Masur)(Whole),Black Gram Dal (Urd Dal),25.90063368,70.17808796,23.88680957,19.45138185,62.42115138,6.28564707,44.47059739
Lentil (Masur)(Whole),Black Gram Dal (Urd Dal),1.46176997,73.10288694,23.29225263,24.93599698,67.04902658,6.323816123,53.46118718
Lentil (Masur)(Whole),Black Gram Dal (Urd Dal),7.120263208,70.6927805,17.45618772,23.51698145,63.61103798,6.752459937,48.74433444
Lentil (Masur)(Whole),Black Gram Dal (Urd Dal),14.48587696,74.1417317,15.92314782,23.44383494,61.22361163,7.550804878,54.91429279
Lentil (Masur)(Whole),Black Gram Dal (Urd Dal),16.21635353,61.33478259,21.29216467,24.74071061,62.26151204,6.637257248,48.84971671
Lentil (Masur)(Whole),Black Gram Dal (Urd Dal),6.73068493,59.9753267,20.50398712,22.40343031,65.44110725,6.492655807,40.36912222
Lentil (Masur)(Whole),Black Gram Dal (Urd Dal),21.97201797,59.86709123,20.47723958,20.09237469,68.53805777,7.489345102,39.80156091
Lentil (Masur)(Whole),Black Gram Dal (Urd Dal),27.50776015,70.53412959,23.44162844,24.04293918,66.58479554,6.630130469,42.08139956
Lentil (Masur)(Whole),Black Gram Dal (Urd Dal),4.763037357,57.4314965,23.57646206,27.30968568,66.18353665,7.555535005,52.20048582
Lentil (Masur)(Whole),Black Gram Dal (Urd Dal),2.204983336,70.00276605,24.04437949,20.25663523,66.86113263,7.368814451,39.45719926
Lentil (Masur)(Whole),Black Gram Dal (Urd Dal),1.607503408,58.92318494,21.9112675,26.03879269,69.83281726,6.05759221,42.46139621
Lentil (Masur)(Whole),Black Gram Dal (Urd Dal),24.85355779,71.61268612,18.75901753,26.64002221,63.61893178,7.175534106,43.90861947
Lentil (Masur)(Whole),Black Gram Dal (Urd Dal),4.161205893,59.94157869,22.05485455,24.42169502,63.56827127,6.361237583,49.16368148
Lentil (Masur)(Whole),Black Gram Dal (Urd Dal),8.378764799,62.30497506,16.60295851,21.67504635,62.46657915,7.012899994,45.60911437
Lentil (Masur)(Whole),Black Gram Dal (Urd Dal),24.7164987,69.91374305,22.1216306,25.14651327,60.941815,6.960162037,47.29519545
Lentil (Masur)(Whole),Black Gram Dal (Urd Dal),23.16708522,57.3141788,15.74119796,21.84298248,67.87401787,5.977258861,35.65103666
Lentil (Masur)(Whole),Black Gram Dal (Urd Dal),19.43631365,66.79840203,19.65864928,20.83860012,69.893752,7.062974714,42.28042594
Lentil (Masur)(Whole),Black Gram Dal (Urd Dal),1.056669849,74.94680203,24.94173275,27.39313558,69.37205208,6.956864355,54.92842048
Lentil (Masur)(Whole),Black Gram Dal (Urd Dal),11.40785434,61.15484111,22.89607694,20.48986113,67.74194048,7.495115882,54.10821041
Lentil (Masur)(Whole),Black Gram Dal (Urd Dal),31.51206735,67.80192941,17.66593737,21.83931104,62.99326523,6.252467562,53.59631466
Lentil (Masur)(Whole),Black Gram Dal (Urd Dal),2.652926701,63.28193655,18.6305165,23.16007275,65.30963461,7.198347225,43.79403994
Lentil (Masur)(Whole),Black Gram Dal (Urd Dal),24.76493437,69.88894213,20.6852727,23.63034076,63.57672194,6.099707422,38.61149984
